date,confirmed,tests,deaths,recovered,active,confirmed_div_by_tests,deaths_div_by_confirmed,recovered_div_by_confirmed,confirmed_per_mil,tests_per_mil,deaths_per_mil,recovered_per_mil,active_per_mil
2020-02-11,0,61,0,0,0,0.0,0.0,0.0,0.0,1.03,0.0,0.0,0.0
2020-02-13,0,67,0,0,0,0.0,0.0,0.0,0.0,1.13,0.0,0.0,0.0
2020-02-14,0,71,0,0,0,0.0,0.0,0.0,0.0,1.2,0.0,0.0,0.0
2020-02-19,0,95,0,0,0,0.0,0.0,0.0,0.0,1.6,0.0,0.0,0.0
2020-02-20,0,106,0,0,0,0.0,0.0,0.0,0.0,1.79,0.0,0.0,0.0
2020-02-24,0,116,0,0,0,0.0,0.0,0.0,0.0,1.96,0.0,0.0,0.0
2020-02-26,0,121,0,0,0,0.0,0.0,0.0,0.0,2.04,0.0,0.0,0.0
2020-03-02,0,160,0,0,0,0.0,0.0,0.0,0.0,2.7,0.0,0.0,0.0
2020-03-03,0,164,0,0,0,0.0,0.0,0.0,0.0,2.77,0.0,0.0,0.0
2020-03-05,1,164,0,0,1,0.006,0.0,0.0,0.02,2.77,0.0,0.0,0.02
2020-03-06,1,200,0,0,1,0.005,0.0,0.0,0.02,3.38,0.0,0.0,0.02
2020-03-07,2,241,0,0,2,0.008,0.0,0.0,0.03,4.07,0.0,0.0,0.03
2020-03-08,3,241,0,0,3,0.012,0.0,0.0,0.05,4.07,0.0,0.0,0.05
2020-03-09,7,241,0,0,7,0.029,0.0,0.0,0.12,4.07,0.0,0.0,0.12
2020-03-11,13,645,0,0,13,0.02,0.0,0.0,0.22,10.9,0.0,0.0,0.22
2020-03-12,16,848,0,0,16,0.019,0.0,0.0,0.27,14.33,0.0,0.0,0.27
2020-03-13,24,924,0,0,24,0.026,0.0,0.0,0.41,15.61,0.0,0.0,0.41
2020-03-14,38,1017,0,0,38,0.037,0.0,0.0,0.64,17.18,0.0,0.0,0.64
2020-03-15,51,1476,0,0,51,0.035,0.0,0.0,0.86,24.93,0.0,0.0,0.86
2020-03-16,62,2405,0,0,62,0.026,0.0,0.0,1.05,40.63,0.0,0.0,1.05
2020-03-17,85,2911,0,0,85,0.029,0.0,0.0,1.44,49.18,0.0,0.0,1.44
2020-03-18,116,3070,0,0,116,0.038,0.0,0.0,1.96,51.86,0.0,0.0,1.96
2020-03-19,150,4832,0,0,150,0.031,0.0,0.0,2.53,81.63,0.0,0.0,2.53
2020-03-20,202,6438,0,0,202,0.031,0.0,0.0,3.41,108.76,0.0,0.0,3.41
2020-03-21,240,7425,0,0,240,0.032,0.0,0.0,4.05,125.43,0.0,0.0,4.05
2020-03-22,274,9315,0,1,273,0.029,0.0,0.004,4.63,157.36,0.0,0.02,4.61
2020-03-23,402,12815,0,1,401,0.031,0.0,0.002,6.79,216.49,0.0,0.02,6.77
2020-03-24,554,15529,0,2,552,0.036,0.0,0.004,9.36,262.33,0.0,0.03,9.32
2020-03-25,709,15529,0,4,705,0.046,0.0,0.006,11.98,262.33,0.0,0.07,11.91
2020-03-26,927,20471,0,4,923,0.045,0.0,0.004,15.66,345.82,0.0,0.07,15.59
2020-03-27,1170,28537,1,31,1138,0.041,0.001,0.026,19.76,482.08,0.02,0.52,19.22
2020-03-28,1187,31963,2,31,1154,0.037,0.002,0.026,20.05,539.95,0.03,0.52,19.49
2020-03-29,1280,35593,2,31,1247,0.036,0.002,0.024,21.62,601.28,0.03,0.52,21.07
2020-03-30,1326,38409,3,31,1292,0.035,0.002,0.023,22.4,648.85,0.05,0.52,21.83
2020-03-31,1353,41072,5,31,1317,0.033,0.004,0.023,22.86,693.83,0.08,0.52,22.25
2020-04-01,1380,44292,5,31,1344,0.031,0.004,0.022,23.31,748.23,0.08,0.52,22.7
2020-04-02,1462,47965,5,45,1412,0.03,0.003,0.031,24.7,810.28,0.08,0.76,23.85
2020-04-03,1505,50361,9,45,1451,0.03,0.006,0.03,25.42,850.75,0.15,0.76,24.51
2020-04-04,1585,53937,9,45,1531,0.029,0.006,0.028,26.78,911.16,0.15,0.76,25.86
2020-04-05,1655,56873,11,45,1599,0.029,0.007,0.027,27.96,960.76,0.19,0.76,27.01
2020-04-06,1686,58098,12,45,1629,0.029,0.007,0.027,28.48,981.46,0.2,0.76,27.52
2020-04-07,1749,58098,13,45,1691,0.03,0.007,0.026,29.55,981.46,0.22,0.76,28.57
2020-04-08,1845,63776,18,45,1782,0.029,0.01,0.024,31.17,1077.38,0.3,0.76,30.1
2020-04-09,1934,68874,18,45,1871,0.028,0.009,0.023,32.67,1163.5,0.3,0.76,31.61
2020-04-10,2003,73028,24,410,1569,0.027,0.012,0.205,33.84,1233.67,0.41,6.93,26.51
2020-04-11,2028,75053,25,410,1593,0.027,0.012,0.202,34.26,1267.88,0.42,6.93,26.91
2020-04-12,2173,80085,25,410,1738,0.027,0.012,0.189,36.71,1352.88,0.42,6.93,29.36
2020-04-13,2272,83663,27,410,1835,0.027,0.012,0.18,38.38,1413.33,0.46,6.93,31.0
2020-04-14,2415,87022,27,410,1978,0.028,0.011,0.17,40.8,1470.07,0.46,6.93,33.41
2020-04-15,2506,90515,34,410,2062,0.028,0.014,0.164,42.33,1529.08,0.57,6.93,34.83
2020-04-16,2605,95060,48,903,1654,0.027,0.018,0.347,44.01,1605.86,0.81,15.25,27.94
2020-04-17,2783,100827,50,903,1830,0.028,0.018,0.324,47.01,1703.28,0.84,15.25,30.91
2020-04-18,3034,108201,52,903,2079,0.028,0.017,0.298,51.25,1827.85,0.88,15.25,35.12
2020-04-19,3158,114711,54,903,2201,0.028,0.017,0.286,53.35,1937.83,0.91,15.25,37.18
2020-04-20,3300,121510,58,1055,2187,0.027,0.018,0.32,55.75,2052.68,0.98,17.82,36.95
2020-04-21,3465,126937,58,1055,2352,0.027,0.017,0.304,58.53,2144.36,0.98,17.82,39.73
2020-04-22,3635,133774,65,1055,2515,0.027,0.018,0.29,61.41,2259.86,1.1,17.82,42.49
2020-04-23,3953,143570,75,1473,2405,0.028,0.019,0.373,66.78,2425.34,1.27,24.88,40.63
2020-04-24,4220,152390,79,1473,2668,0.028,0.019,0.349,71.29,2574.34,1.33,24.88,45.07
2020-04-25,4361,161004,86,1473,2802,0.027,0.02,0.338,73.67,2719.86,1.45,24.88,47.33
2020-04-26,4546,168643,87,1473,2986,0.027,0.019,0.324,76.8,2848.91,1.47,24.88,50.44
2020-04-27,4793,178470,90,1473,3230,0.027,0.019,0.307,80.97,3014.91,1.52,24.88,54.56
2020-04-28,4996,185497,93,1473,3430,0.027,0.019,0.295,84.4,3133.62,1.57,24.88,57.94
2020-04-29,5350,197127,103,2073,3174,0.027,0.019,0.387,90.38,3330.09,1.74,35.02,53.62
2020-04-30,5647,207530,103,2073,3471,0.027,0.018,0.367,95.4,3505.83,1.74,35.02,58.64
2020-05-01,5951,217522,116,2382,3453,0.027,0.019,0.4,100.53,3674.62,1.96,40.24,58.33
2020-05-02,6336,230686,123,2549,3664,0.027,0.019,0.402,107.03,3897.0,2.08,43.06,61.9
2020-05-03,6783,245747,131,2549,4103,0.028,0.019,0.376,114.59,4151.43,2.21,43.06,69.31
2020-05-04,7220,257541,138,2746,4336,0.028,0.019,0.38,121.97,4350.67,2.33,46.39,73.25
2020-05-05,7572,268064,148,2746,4678,0.028,0.02,0.363,127.91,4528.44,2.5,46.39,79.03
2020-05-06,7808,279379,153,3153,4502,0.028,0.02,0.404,131.9,4719.58,2.58,53.26,76.05
2020-05-07,8232,292153,161,3153,4918,0.028,0.02,0.383,139.06,4935.37,2.72,53.26,83.08
2020-05-08,8895,307752,178,3153,5564,0.029,0.02,0.354,150.26,5198.89,3.01,53.26,93.99
2020-05-09,9420,324079,186,3983,5251,0.029,0.02,0.423,159.13,5474.7,3.14,67.29,88.71
2020-05-10,10015,341336,194,4173,5648,0.029,0.019,0.417,169.18,5766.23,3.28,70.49,95.41
2020-05-11,10652,356067,206,4357,6089,0.03,0.019,0.409,179.95,6015.08,3.48,73.6,102.86
2020-05-12,11350,369697,206,4357,6787,0.031,0.018,0.384,191.74,6245.33,3.48,73.6,114.65
2020-05-13,12074,386352,219,4745,7110,0.031,0.018,0.393,203.97,6526.69,3.7,80.16,120.11
2020-05-14,12739,403018,238,5676,6825,0.032,0.019,0.446,215.2,6808.23,4.02,95.89,115.3
2020-05-15,13524,421555,247,6083,7194,0.032,0.018,0.45,228.46,7121.38,4.17,102.76,121.53
2020-05-16,14355,439559,261,6478,7616,0.033,0.018,0.451,242.5,7425.52,4.41,109.43,128.66
2020-05-17,15515,460873,264,7006,8245,0.034,0.017,0.452,262.1,7785.58,4.46,118.35,139.28
2020-05-18,16433,475071,286,7298,8849,0.035,0.017,0.444,277.6,8025.43,4.83,123.29,149.49
2020-05-19,17200,488609,312,7960,8928,0.035,0.018,0.463,290.56,8254.13,5.27,134.47,150.82
2020-05-20,18003,505861,339,8950,8714,0.036,0.019,0.497,304.13,8545.57,5.73,151.19,147.21
2020-05-21,19137,525433,369,8950,9818,0.036,0.019,0.468,323.28,8876.2,6.23,151.19,165.86
2020-05-22,20125,543032,397,10104,9624,0.037,0.02,0.502,339.97,9173.5,6.71,170.69,162.58
2020-05-23,21343,564370,407,10104,10832,0.038,0.019,0.473,360.55,9533.97,6.88,170.69,182.99
2020-05-24,22583,583855,429,11100,11054,0.039,0.019,0.492,381.5,9863.13,7.25,187.51,186.74
2020-05-25,23615,596777,481,11917,11217,0.04,0.02,0.505,398.93,10081.42,8.13,201.32,189.49
2020-05-26,24264,605991,524,12741,10999,0.04,0.022,0.525,409.89,10237.07,8.85,215.24,185.81
2020-05-27,25937,634996,552,13451,11934,0.041,0.021,0.519,438.16,10727.06,9.32,227.23,201.6
2020-05-28,27403,655723,577,14370,12456,0.042,0.021,0.524,462.92,11077.2,9.75,242.75,210.42
2020-05-29,29240,680175,611,15093,13536,0.043,0.021,0.516,493.95,11490.27,10.32,254.97,228.67
2020-05-30,30967,701883,643,16116,14208,0.044,0.021,0.52,523.13,11856.99,10.86,272.25,240.02
2020-05-31,32683,725125,683,16809,15191,0.045,0.021,0.514,552.12,12249.62,11.54,283.96,256.62
2020-06-01,34357,742742,705,17291,16361,0.046,0.021,0.503,580.4,12547.22,11.91,292.1,276.39
2020-06-02,35812,761534,755,18313,16744,0.047,0.021,0.511,604.98,12864.68,12.75,309.36,282.86
2020-06-03,37525,785979,792,19682,17051,0.048,0.021,0.525,633.91,13277.63,13.38,332.49,288.04
2020-06-04,40792,820675,848,21311,18633,0.05,0.021,0.522,689.1,13863.76,14.33,360.01,314.77
2020-06-05,43434,850871,908,23088,19438,0.051,0.021,0.532,733.74,14373.86,15.34,390.03,328.37
2020-06-06,45973,891668,952,24258,20763,0.052,0.021,0.528,776.63,15063.05,16.08,409.79,350.75
2020-06-07,48285,920064,998,24364,22923,0.052,0.021,0.505,815.68,15542.75,16.86,411.58,387.24
2020-06-08,50879,943059,1080,26099,23700,0.054,0.021,0.513,859.5,15931.2,18.24,440.89,400.37
2020-06-09,52991,968070,1162,29006,22823,0.055,0.022,0.547,895.18,16353.72,19.63,490.0,385.55
2020-06-10,55421,998400,1210,31505,22706,0.056,0.022,0.568,936.23,16866.08,20.44,532.22,383.58
2020-06-11,58568,1028399,1284,33252,24032,0.057,0.022,0.568,989.4,17372.86,21.69,561.73,405.98
2020-06-12,61927,1060425,1354,35008,25565,0.058,0.022,0.565,1046.14,17913.88,22.87,591.39,431.87
2020-06-13,65736,1087887,1423,36850,27463,0.06,0.022,0.561,1110.49,18377.8,24.04,622.51,463.94
2020-06-14,70038,1121958,1480,38531,30027,0.062,0.021,0.55,1183.16,18953.36,25.0,650.91,507.25
2020-06-15,73533,1148933,1568,39867,32098,0.064,0.021,0.542,1242.2,19409.06,26.49,673.48,542.24
2020-06-16,76334,1172513,1625,42063,32646,0.065,0.021,0.551,1289.52,19807.39,27.45,710.58,551.49
2020-06-17,80412,1207360,1674,44343,34395,0.067,0.021,0.551,1358.41,20396.07,28.28,749.09,581.04
2020-06-18,83890,1228098,1737,44920,37233,0.068,0.021,0.535,1417.16,20746.4,29.34,758.84,628.98
2020-06-19,87715,1260434,1831,47825,38059,0.07,0.021,0.545,1481.78,21292.65,30.93,807.91,642.93
2020-06-20,92681,1293608,1877,50326,40478,0.072,0.02,0.543,1565.67,21853.07,31.71,850.16,683.8
2020-06-21,97302,1328060,1930,51608,43764,0.073,0.02,0.53,1643.73,22435.07,32.6,871.82,739.31
2020-06-22,101590,1353176,1991,53444,46155,0.075,0.02,0.526,1716.17,22859.36,33.63,902.84,779.7
2020-06-23,106108,1382772,2101,55045,48962,0.077,0.02,0.519,1792.49,23359.32,35.49,929.88,827.12
2020-06-24,111796,1416894,2205,56874,52717,0.079,0.02,0.509,1888.58,23935.75,37.25,960.78,890.55
2020-06-25,118375,1460012,2292,59974,56109,0.081,0.019,0.507,1999.72,24664.15,38.72,1013.15,947.86
2020-06-26,124590,1493104,2340,64111,58139,0.083,0.019,0.515,2104.71,25223.17,39.53,1083.03,982.15
2020-06-27,131800,1529009,2413,67094,62293,0.086,0.018,0.509,2226.51,25829.72,40.76,1133.43,1052.32
2020-06-28,138134,1567084,2456,68925,66753,0.088,0.018,0.499,2333.51,26472.93,41.49,1164.36,1127.67
2020-06-29,144264,1596995,2529,70614,71121,0.09,0.018,0.489,2437.07,26978.22,42.72,1192.89,1201.46
2020-06-30,151209,1630008,2657,73543,75009,0.093,0.018,0.486,2554.39,27535.91,44.89,1242.37,1267.14
2020-07-01,159333,1666939,2749,76025,80559,0.096,0.017,0.477,2691.63,28159.79,46.44,1284.3,1360.89
2020-07-02,168061,1706127,2844,81999,83218,0.099,0.017,0.488,2839.07,28821.8,48.04,1385.22,1405.81
2020-07-03,177124,1745153,2952,86298,87874,0.101,0.017,0.487,2992.18,29481.07,49.87,1457.84,1484.47
2020-07-04,187977,1792078,3026,91227,93724,0.105,0.016,0.485,3175.52,30273.78,51.12,1541.11,1583.29
2020-07-05,196750,1830161,3199,93315,100236,0.108,0.016,0.474,3323.72,30917.12,54.04,1576.38,1693.3
2020-07-06,205721,1864111,3310,97848,104563,0.11,0.016,0.476,3475.27,31490.64,55.92,1652.96,1766.39
2020-07-07,215855,1907532,3502,102299,110054,0.113,0.016,0.474,3646.46,32224.15,59.16,1728.15,1859.15
2020-07-08,224665,1944399,3602,106842,114221,0.116,0.016,0.476,3795.29,32846.95,60.85,1804.89,1929.55
2020-07-09,238339,2000569,3720,113061,121558,0.119,0.016,0.474,4026.29,33795.84,62.84,1909.95,2053.49
2020-07-10,250687,2057232,3860,118232,128595,0.122,0.015,0.472,4234.88,34753.05,65.21,1997.31,2172.37
2020-07-11,264184,2108570,3971,127715,132498,0.125,0.015,0.483,4462.89,35620.31,67.08,2157.5,2238.3
2020-07-12,276242,2154391,4079,134874,137289,0.128,0.015,0.488,4666.59,36394.37,68.91,2278.44,2319.24
2020-07-13,287796,2194624,4172,138241,145383,0.131,0.014,0.48,4861.77,37074.03,70.48,2335.32,2455.97
2020-07-14,298292,2232738,4346,146279,147667,0.134,0.015,0.49,5039.08,37717.9,73.42,2471.11,2494.56
2020-07-15,311049,2278127,4453,160693,145903,0.137,0.014,0.517,5254.59,38484.66,75.23,2714.61,2464.76
2020-07-16,324221,2324923,4669,165591,153961,0.139,0.014,0.511,5477.1,39275.19,78.87,2797.35,2600.88
2020-07-17,337594,2373053,4804,178183,154607,0.142,0.014,0.528,5703.01,40088.25,81.15,3010.07,2611.79
2020-07-18,350879,2422741,4948,182230,163701,0.145,0.014,0.519,5927.44,40927.64,83.59,3078.43,2765.42
2020-07-19,364328,2471747,5033,191059,168236,0.147,0.014,0.524,6154.63,41755.5,85.02,3227.58,2842.03
2020-07-20,373628,2505646,5173,194865,173590,0.149,0.014,0.522,6311.74,42328.16,87.39,3291.88,2932.48
2020-07-21,381798,2536921,5368,208144,168286,0.15,0.014,0.545,6449.76,42856.49,90.68,3516.2,2842.87
2020-07-22,394948,2585474,5940,229175,159833,0.153,0.015,0.58,6671.9,43676.71,100.35,3871.48,2700.08
2020-07-23,408052,2632106,6093,236260,165699,0.155,0.015,0.579,6893.27,44464.46,102.93,3991.17,2799.17
2020-07-24,421996,2684488,6343,245771,169882,0.157,0.015,0.582,7128.83,45349.36,107.15,4151.84,2869.84
2020-07-25,434200,2730812,6655,263054,164491,0.159,0.015,0.606,7334.99,46131.92,112.42,4443.8,2778.77
2020-07-26,445433,2773778,6769,265077,173587,0.161,0.015,0.595,7524.75,46857.75,114.35,4477.98,2932.42
2020-07-27,452529,2802211,7067,274925,170537,0.161,0.016,0.608,7644.62,47338.07,119.38,4644.34,2880.9
2020-07-28,459761,2830635,7257,287313,165191,0.162,0.016,0.625,7766.79,47818.24,122.59,4853.61,2790.59
2020-07-29,471123,2873163,7497,297967,165659,0.164,0.016,0.632,7958.73,48536.67,126.65,5033.59,2798.5
2020-07-30,482169,2918049,7812,309601,164756,0.165,0.016,0.642,8145.34,49294.93,131.97,5230.12,2783.24
2020-07-31,493183,2959535,8005,326171,159007,0.167,0.016,0.661,8331.4,49995.76,135.23,5510.04,2686.12
2020-08-01,503290,3001985,8153,342461,152676,0.168,0.016,0.68,8502.13,50712.87,137.73,5785.23,2579.17
2020-08-02,511485,3036779,8366,347227,155892,0.168,0.016,0.679,8640.57,51300.65,141.33,5865.75,2633.5
2020-08-03,516862,3058695,8539,358037,150286,0.169,0.017,0.693,8731.41,51670.88,144.25,6048.36,2538.8
2020-08-04,521318,3078202,8884,363751,148683,0.169,0.017,0.698,8806.68,52000.41,150.08,6144.89,2511.72
2020-08-05,529877,3113191,9298,377266,143313,0.17,0.018,0.712,8951.27,52591.49,157.07,6373.2,2421.0
2020-08-06,538184,3149807,9604,387316,141264,0.171,0.018,0.72,9091.6,53210.05,162.24,6542.97,2386.39
2020-08-07,545476,3183658,9909,394759,140808,0.171,0.018,0.724,9214.79,53781.9,167.39,6668.71,2378.69
2020-08-08,553188,3220265,10210,404568,138410,0.172,0.018,0.731,9345.07,54400.3,172.48,6834.41,2338.18
2020-08-09,559858,3250583,10408,411147,138303,0.172,0.019,0.734,9457.74,54912.47,175.82,6945.55,2336.37
2020-08-10,563598,3267494,10621,417200,135777,0.172,0.019,0.74,9520.92,55198.15,179.42,7047.81,2293.7
2020-08-11,566109,3278977,10751,426125,129233,0.173,0.019,0.753,9563.34,55392.13,181.62,7198.58,2183.15
2020-08-12,568919,3295434,11010,432029,125880,0.173,0.019,0.759,9610.81,55670.14,185.99,7298.31,2126.51
2020-08-13,572865,3315497,11270,437617,123978,0.173,0.02,0.764,9677.47,56009.07,190.39,7392.71,2094.37
2020-08-14,579140,3351111,11556,461734,105850,0.173,0.02,0.797,9783.48,56610.7,195.22,7800.12,1788.14
2020-08-15,583653,3378029,11677,466941,105035,0.173,0.02,0.8,9859.72,57065.43,197.26,7888.09,1774.37
2020-08-16,587345,3400638,11839,472377,103129,0.173,0.02,0.804,9922.09,57447.36,200.0,7979.92,1742.17
2020-08-17,589886,3415670,11982,477671,100233,0.173,0.02,0.81,9965.01,57701.3,202.41,8069.35,1693.25
2020-08-18,592144,3430347,12264,485468,94412,0.173,0.021,0.82,10003.16,57949.24,207.18,8201.07,1594.91
2020-08-19,596060,3455671,12423,491441,92196,0.172,0.021,0.824,10069.31,58377.04,209.86,8301.97,1557.48
2020-08-20,599940,3480283,12618,497169,90153,0.172,0.021,0.829,10134.85,58792.81,213.16,8398.73,1522.96
2020-08-21,603338,3504507,12843,500102,90393,0.172,0.021,0.829,10192.26,59202.03,216.96,8448.28,1527.02
2020-08-22,607045,3535067,12987,504127,89931,0.172,0.021,0.83,10254.88,59718.29,219.39,8516.27,1519.21
2020-08-23,609773,3553425,13059,506470,90244,0.172,0.021,0.831,10300.96,60028.41,220.61,8555.86,1524.5
2020-08-24,611450,3564065,13159,516494,81797,0.172,0.022,0.845,10329.29,60208.15,222.3,8725.19,1381.81
2020-08-25,613017,3578836,13308,520381,79328,0.171,0.022,0.849,10355.77,60457.68,224.81,8790.86,1340.1
2020-08-26,615701,3598973,13502,525242,76957,0.171,0.022,0.853,10401.11,60797.86,228.09,8872.97,1300.04
2020-08-27,618286,3617982,13628,531338,73320,0.171,0.022,0.859,10444.78,61118.98,230.22,8975.95,1238.6
2020-08-28,620123,3632311,13743,533935,72445,0.171,0.022,0.861,10475.81,61361.04,232.16,9019.82,1223.82
2020-08-29,622551,3652970,13981,536694,71876,0.17,0.022,0.862,10516.82,61710.04,236.18,9066.43,1214.21
2020-08-30,625056,3674872,14028,538604,72424,0.17,0.022,0.862,10559.14,62080.03,236.98,9098.7,1223.47
2020-08-31,627041,3693721,14149,540923,71969,0.17,0.023,0.863,10592.67,62398.45,239.02,9137.87,1215.78
2020-09-01,628259,3705408,14263,549993,64003,0.17,0.023,0.875,10613.25,62595.88,240.95,9291.09,1081.21
2020-09-02,630595,3726721,14389,553456,62750,0.169,0.023,0.878,10652.71,62955.92,243.08,9349.59,1060.04
2020-09-03,633015,3747101,14563,554887,63565,0.169,0.023,0.877,10693.59,63300.2,246.01,9373.77,1073.81
2020-09-04,635078,3765700,14678,557818,62582,0.169,0.023,0.878,10728.44,63614.4,247.96,9423.28,1057.2
2020-09-05,636884,3783823,14779,561204,60901,0.168,0.023,0.881,10758.95,63920.55,249.66,9480.48,1028.81
2020-09-06,638517,3800190,14889,563891,59737,0.168,0.023,0.883,10786.54,64197.04,251.52,9525.87,1009.14
2020-09-07,639362,3808949,15004,566555,57803,0.168,0.023,0.886,10800.81,64345.01,253.46,9570.88,976.47
2020-09-08,640441,3821162,15086,567729,57626,0.168,0.024,0.886,10819.04,64551.32,254.85,9590.71,973.48
2020-09-09,642431,3842898,15168,569935,57328,0.167,0.024,0.887,10852.66,64918.51,256.23,9627.98,968.45
2020-09-10,644438,3863453,15265,573003,56170,0.167,0.024,0.889,10886.56,65265.75,257.87,9679.8,948.89
2020-09-11,646398,3884166,15378,574587,56433,0.166,0.024,0.889,10919.67,65615.66,259.78,9706.56,953.33
2020-09-12,648214,3902786,15427,576423,56364,0.166,0.024,0.889,10950.35,65930.21,260.61,9737.58,952.16
2020-09-13,649793,3918478,15447,577906,56440,0.166,0.024,0.889,10977.03,66195.29,260.95,9762.63,953.45
2020-09-14,650749,3928614,15499,579289,55961,0.166,0.024,0.89,10993.18,66366.52,261.83,9785.99,945.36
2020-09-15,651521,3940217,15641,583126,52754,0.165,0.024,0.895,11006.22,66562.53,264.23,9850.81,891.18
2020-09-16,653444,3961179,15705,584195,53544,0.165,0.024,0.894,11038.7,66916.65,265.31,9868.87,904.52
2020-09-17,655572,3983533,15772,585303,54497,0.165,0.024,0.893,11074.65,67294.27,266.44,9887.59,920.62
2020-09-18,657627,4003590,15857,586844,54926,0.164,0.024,0.892,11109.37,67633.1,267.87,9913.62,927.87
2020-09-19,659656,4024659,15940,589434,54282,0.164,0.024,0.894,11143.64,67989.02,269.28,9957.38,916.99
2020-09-20,661211,4041543,15953,590071,55187,0.164,0.024,0.892,11169.91,68274.24,269.5,9968.14,932.28
2020-09-21,661936,4047723,15992,591208,54736,0.164,0.024,0.893,11182.16,68378.64,270.15,9987.34,924.66
2020-09-22,663282,4064117,16118,592904,54260,0.163,0.024,0.894,11204.9,68655.59,272.28,10015.99,916.62
2020-09-23,665188,4083757,16206,594229,54753,0.163,0.024,0.893,11237.1,68987.37,273.77,10038.38,924.95
2020-09-24,667049,4102162,16283,595916,54850,0.163,0.024,0.893,11268.53,69298.29,275.07,10066.88,926.59
2020-09-25,668529,4117079,16312,599149,53068,0.162,0.024,0.896,11293.54,69550.28,275.56,10121.49,896.48
2020-09-26,669498,4128438,16376,601818,51304,0.162,0.024,0.899,11309.91,69742.17,276.64,10166.58,866.68
2020-09-27,670766,4143466,16398,603721,50647,0.162,0.024,0.9,11331.33,69996.04,277.01,10198.73,855.59
2020-09-28,671669,4152480,16586,604478,50605,0.162,0.025,0.9,11346.58,70148.31,280.19,10211.52,854.88
2020-09-29,672572,4164491,16667,606520,49385,0.162,0.025,0.902,11361.83,70351.22,281.56,10246.01,834.27
2020-09-30,674339,4187917,16734,608112,49493,0.161,0.025,0.902,11391.69,70746.96,282.69,10272.9,836.09
2020-10-01,676084,4209049,16866,609854,49364,0.161,0.025,0.902,11421.16,71103.94,284.92,10302.33,833.91
2020-10-02,677833,4229709,16909,611044,49880,0.16,0.025,0.901,11450.71,71452.95,285.65,10322.44,842.63
2020-10-03,679716,4251513,16938,612763,50015,0.16,0.025,0.901,11482.52,71821.29,286.14,10351.47,844.91
2020-10-04,681289,4269626,16976,614781,49532,0.16,0.025,0.902,11509.09,72127.28,286.78,10385.57,836.75
2020-10-05,682215,4280340,17016,615684,49515,0.159,0.025,0.902,11524.74,72308.27,287.45,10400.82,836.46
2020-10-06,683242,4294931,17103,616857,49282,0.159,0.025,0.903,11542.08,72554.76,288.92,10420.64,832.53
2020-10-07,685155,4318514,17248,618127,49780,0.159,0.025,0.902,11574.4,72953.15,291.37,10442.09,840.94
2020-10-08,686891,4339686,17408,618771,50712,0.158,0.025,0.901,11603.73,73310.81,294.08,10452.97,856.68
2020-10-09,688532,4360105,17547,620081,50904,0.158,0.025,0.901,11631.45,73655.75,296.42,10475.1,859.93
2020-10-10,690896,4388171,17673,622153,51070,0.157,0.026,0.901,11671.38,74129.87,298.55,10510.1,862.73
2020-10-11,692471,4407441,17780,623765,50926,0.157,0.026,0.901,11697.99,74455.4,300.36,10537.33,860.3
2020-10-12,693359,4418418,17863,624659,50837,0.157,0.026,0.901,11712.99,74640.84,301.76,10552.44,858.8
2020-10-13,694537,4433952,18028,625574,50935,0.157,0.026,0.901,11732.89,74903.25,304.55,10567.89,860.45
2020-10-14,696414,4458745,18151,626898,51365,0.156,0.026,0.9,11764.6,75322.08,306.63,10590.26,867.71
2020-10-15,698184,4481354,18309,628301,51574,0.156,0.026,0.9,11794.5,75704.02,309.3,10613.96,871.25
2020-10-16,700203,4505533,18370,629260,52573,0.155,0.026,0.899,11828.61,76112.48,310.33,10630.16,888.12
2020-10-17,702131,4528141,18408,630436,53287,0.155,0.026,0.898,11861.18,76494.4,310.97,10650.03,900.18
2020-10-18,703793,4549478,18471,634543,50779,0.155,0.026,0.902,11889.25,76854.85,312.03,10719.41,857.82
2020-10-19,705254,4565980,18492,635257,51505,0.154,0.026,0.901,11913.94,77133.62,312.39,10731.47,870.08
2020-10-20,706304,4581346,18656,639568,48080,0.154,0.026,0.906,11931.67,77393.2,315.16,10804.29,812.22
2020-10-21,708359,4607883,18741,641706,47912,0.154,0.026,0.906,11966.39,77841.49,316.59,10840.41,809.38
2020-10-22,710515,4633671,18843,642560,49112,0.153,0.027,0.904,12002.81,78277.13,318.32,10854.84,829.65
2020-10-23,712412,4657116,18891,643523,49998,0.153,0.027,0.903,12034.86,78673.19,319.13,10871.11,844.62
2020-10-24,714246,4677942,18944,644641,50661,0.153,0.027,0.903,12065.84,79025.0,320.02,10889.99,855.82
2020-10-25,715868,4697939,18968,646170,50730,0.152,0.026,0.903,12093.24,79362.82,320.43,10915.82,856.99
2020-10-26,716759,4709403,19008,646721,51030,0.152,0.027,0.902,12108.29,79556.48,321.1,10925.13,862.06
2020-10-27,717851,4726875,19053,647833,50965,0.152,0.027,0.902,12126.74,79851.63,321.86,10943.92,860.96
2020-10-28,719714,4752596,19111,648654,51949,0.151,0.027,0.901,12158.21,80286.14,322.84,10957.79,877.58
2020-10-29,721770,4777609,19164,649935,52671,0.151,0.027,0.9,12192.94,80708.69,323.74,10979.43,889.78
2020-10-30,723682,4800823,19230,653052,51400,0.151,0.027,0.902,12225.24,81100.85,324.85,11032.08,868.31
2020-10-31,725452,4822973,19276,654182,51994,0.15,0.027,0.902,12255.14,81475.03,325.63,11051.17,878.34
2020-11-01,726823,4842516,19411,655330,52082,0.15,0.027,0.902,12278.3,81805.17,327.91,11070.56,879.83
2020-11-02,727595,4852918,19465,657500,50630,0.15,0.027,0.904,12291.34,81980.89,328.82,11107.22,855.3
2020-11-03,728836,4868610,19539,659249,50048,0.15,0.027,0.905,12312.31,82245.98,330.07,11136.77,845.47
2020-11-04,730548,4893683,19585,660185,50778,0.149,0.027,0.904,12341.23,82669.54,330.85,11152.58,857.8
2020-11-05,732414,4917625,19677,671579,41158,0.149,0.027,0.917,12372.75,83074.0,332.41,11345.06,695.29
2020-11-06,734175,4940719,19749,675593,38833,0.149,0.027,0.92,12402.5,83464.13,333.62,11412.87,656.01
2020-11-07,735906,4963174,19789,678738,37379,0.148,0.027,0.922,12431.74,83843.46,334.3,11466.0,631.45
2020-11-08,737278,4980440,19809,679688,37781,0.148,0.027,0.922,12454.92,84135.14,334.64,11482.05,638.24
2020-11-09,738525,4993081,19845,680726,37954,0.148,0.027,0.922,12475.99,84348.68,335.24,11499.58,641.16
2020-11-10,740254,5010350,19951,683194,37109,0.148,0.027,0.923,12505.19,84640.41,337.03,11541.27,626.89
2020-11-11,742394,5037782,20011,686458,35925,0.147,0.027,0.925,12541.35,85103.82,338.05,11596.41,606.89
2020-11-12,744732,5063457,20076,690903,33753,0.147,0.027,0.928,12580.84,85537.55,339.15,11671.5,570.19
2020-11-13,746945,5086887,20153,692177,34615,0.147,0.027,0.927,12618.23,85933.36,340.45,11693.02,584.76
2020-11-14,749182,5110384,20206,693261,35715,0.147,0.027,0.925,12656.02,86330.3,341.34,11711.34,603.34
2020-11-15,751024,5130192,20241,693467,37316,0.146,0.027,0.923,12687.13,86664.91,341.93,11714.82,630.38
2020-11-16,752269,5142947,20314,695496,36459,0.146,0.027,0.925,12708.17,86880.39,343.17,11749.09,615.91
2020-11-17,754256,5160877,20433,696820,37003,0.146,0.027,0.924,12741.73,87183.28,345.18,11771.46,625.1
2020-11-18,757144,5189580,20556,701534,35054,0.146,0.027,0.927,12790.52,87668.16,347.25,11851.09,592.17
2020-11-19,759658,5214036,20671,702544,36443,0.146,0.027,0.925,12832.99,88081.3,349.2,11868.16,615.64
2020-11-20,762763,5243055,20759,707040,34964,0.145,0.027,0.927,12885.44,88571.52,350.68,11944.11,590.65
2020-11-21,765409,5269062,20845,707784,36780,0.145,0.027,0.925,12930.14,89010.86,352.14,11956.68,621.33
2020-11-22,767679,5290966,20903,710099,36677,0.145,0.027,0.925,12968.49,89380.89,353.12,11995.78,619.59
2020-11-23,769759,5305343,20968,711195,37596,0.145,0.027,0.924,13003.63,89623.76,354.21,12014.3,635.11
2020-11-24,772252,5325631,21083,716444,34725,0.145,0.027,0.928,13045.74,89966.49,356.16,12102.97,586.61
2020-11-25,775502,5355068,21201,716444,37857,0.145,0.027,0.924,13100.64,90463.77,358.15,12102.97,639.52
2020-11-26,778571,5383078,21289,716444,40838,0.145,0.027,0.92,13152.49,90936.95,359.64,12102.97,689.88
2020-11-27,781941,5383078,21378,716444,44119,0.145,0.027,0.916,13209.42,90936.95,361.14,12102.97,745.31
2020-11-28,785139,5383078,21439,716444,47256,0.146,0.027,0.913,13263.44,90936.95,362.17,12102.97,798.3
2020-11-29,787702,5383078,21477,716444,49781,0.146,0.027,0.91,13306.74,90936.95,362.81,12102.97,840.96
2020-11-30,790004,5383078,21535,716444,52025,0.147,0.027,0.907,13345.63,90936.95,363.79,12102.97,878.86
2020-12-01,792299,5383078,21644,716444,54211,0.147,0.027,0.904,13384.4,90936.95,365.63,12102.97,915.79
2020-12-02,796472,5383078,21709,716444,58319,0.148,0.027,0.9,13454.89,90936.95,366.73,12102.97,985.19
2020-12-03,800872,5500669,21803,739367,39702,0.146,0.027,0.923,13529.22,92923.42,368.32,12490.21,670.69
2020-12-04,805804,5534084,21963,740450,43391,0.146,0.027,0.919,13612.54,93487.91,371.02,12508.51,733.01
2020-12-05,810449,5565928,22067,744298,44084,0.146,0.027,0.918,13691.01,94025.85,372.78,12573.51,744.72
2020-12-06,814565,5592663,22206,744780,47579,0.146,0.027,0.914,13760.54,94477.49,375.13,12581.65,803.76
2020-12-07,817878,5611915,22249,745750,49879,0.146,0.027,0.912,13816.51,94802.72,375.85,12598.04,842.61
2020-12-08,821889,5640042,22432,753072,46385,0.146,0.027,0.916,13884.26,95277.87,378.95,12721.73,783.59
2020-12-09,828598,5690263,22574,754658,51366,0.146,0.027,0.911,13997.6,96126.26,381.35,12748.52,867.73
2020-12-10,836764,5735470,22747,756671,57346,0.146,0.027,0.904,14135.55,96889.94,384.27,12782.53,968.75
2020-12-11,845083,5779544,22952,758373,63758,0.146,0.027,0.897,14276.08,97634.49,387.73,12811.28,1077.07
2020-12-12,852965,5819755,23106,760118,69741,0.147,0.027,0.891,14409.23,98313.78,390.33,12840.76,1178.14
2020-12-13,860964,5859178,23276,761011,76677,0.147,0.027,0.884,14544.36,98979.76,393.2,12855.84,1295.31
2020-12-14,866127,5884227,23451,762746,79930,0.147,0.027,0.881,14631.58,99402.91,396.16,12885.15,1350.27
2020-12-15,873679,5920574,23661,764977,85041,0.148,0.027,0.876,14759.16,100016.93,399.71,12922.84,1436.61
2020-12-16,883687,5968692,23827,774585,85275,0.148,0.027,0.877,14928.22,100829.79,402.51,13085.15,1440.56
