date,province,cum_no,daily_no,cum_no_perc_pop,daily_no_perc_pop
2020-04-17,EC,9,9,0.0,0.0
2020-04-18,EC,9,0,0.0,0.0
2020-04-19,EC,9,0,0.0,0.0
2020-04-20,EC,15,6,0.0,0.0
2020-04-21,EC,15,0,0.0,0.0
2020-04-22,EC,15,0,0.0,0.0
2020-04-23,EC,19,4,0.0,0.0
2020-04-24,EC,19,0,0.0,0.0
2020-04-25,EC,19,0,0.0,0.0
2020-04-26,EC,19,0,0.0,0.0
2020-04-27,EC,19,0,0.0,0.0
2020-04-28,EC,19,0,0.0,0.0
2020-04-29,EC,19,0,0.0,0.0
2020-04-30,EC,19,0,0.0,0.0
2020-05-01,EC,19,0,0.0,0.0
2020-05-02,EC,275,256,0.004,0.004
2020-05-03,EC,275,0,0.004,0.0
2020-05-04,EC,341,66,0.005,0.001
2020-05-05,EC,341,0,0.005,0.0
2020-05-06,EC,388,47,0.006,0.001
2020-05-07,EC,388,0,0.006,0.0
2020-05-08,EC,388,0,0.006,0.0
2020-05-09,EC,388,0,0.006,0.0
2020-05-10,EC,519,131,0.008,0.002
2020-05-11,EC,519,0,0.008,0.0
2020-05-12,EC,519,0,0.008,0.0
2020-05-13,EC,632,113,0.009,0.002
2020-05-14,EC,643,11,0.01,0.0
2020-05-15,EC,643,0,0.01,0.0
2020-05-16,EC,746,103,0.011,0.002
2020-05-17,EC,839,93,0.012,0.001
2020-05-18,EC,839,0,0.012,0.0
2020-05-19,EC,839,0,0.012,0.0
2020-05-20,EC,1036,197,0.015,0.003
2020-05-21,EC,1036,0,0.015,0.0
2020-05-22,EC,1036,0,0.015,0.0
2020-05-23,EC,1036,0,0.015,0.0
2020-05-24,EC,1335,299,0.02,0.004
2020-05-25,EC,1335,0,0.02,0.0
2020-05-26,EC,1491,156,0.022,0.002
2020-05-27,EC,1491,0,0.022,0.0
2020-05-28,EC,1700,209,0.025,0.003
2020-05-29,EC,1700,0,0.025,0.0
2020-05-30,EC,1987,287,0.03,0.004
2020-05-31,EC,1987,0,0.03,0.0
2020-06-01,EC,2123,136,0.032,0.002
2020-06-02,EC,2123,0,0.032,0.0
2020-06-03,EC,2123,0,0.032,0.0
2020-06-04,EC,2460,337,0.037,0.005
2020-06-05,EC,2460,0,0.037,0.0
2020-06-06,EC,2666,206,0.04,0.003
2020-06-07,EC,2666,0,0.04,0.0
2020-06-08,EC,2666,0,0.04,0.0
2020-06-09,EC,3514,848,0.052,0.013
2020-06-10,EC,3647,133,0.054,0.002
2020-06-11,EC,3647,0,0.054,0.0
2020-06-12,EC,4393,746,0.065,0.011
2020-06-13,EC,4559,166,0.068,0.002
2020-06-14,EC,5244,685,0.078,0.01
2020-06-15,EC,5331,87,0.079,0.001
2020-06-16,EC,5475,144,0.082,0.002
2020-06-17,EC,5845,370,0.087,0.006
2020-06-18,EC,6331,486,0.094,0.007
2020-06-19,EC,6331,0,0.094,0.0
2020-06-20,EC,7470,1139,0.111,0.017
2020-06-21,EC,7738,268,0.115,0.004
2020-06-22,EC,8035,297,0.12,0.004
2020-06-23,EC,8259,224,0.123,0.003
2020-06-24,EC,9668,1409,0.144,0.021
2020-06-25,EC,10439,771,0.156,0.011
2020-06-26,EC,11349,910,0.169,0.014
2020-06-27,EC,12192,843,0.182,0.013
2020-06-28,EC,12567,375,0.187,0.006
2020-06-29,EC,12824,257,0.191,0.004
2020-06-30,EC,14081,1257,0.21,0.019
2020-07-01,EC,14384,303,0.214,0.005
2020-07-02,EC,15843,1459,0.236,0.022
2020-07-03,EC,17403,1560,0.259,0.023
2020-07-04,EC,18980,1577,0.283,0.023
2020-07-05,EC,19490,510,0.29,0.008
2020-07-06,EC,19863,373,0.296,0.006
2020-07-07,EC,22022,2159,0.328,0.032
2020-07-08,EC,24304,2282,0.362,0.034
2020-07-09,EC,24304,0,0.362,0.0
2020-07-10,EC,28903,4599,0.431,0.069
2020-07-11,EC,30917,2014,0.461,0.03
2020-07-12,EC,31586,669,0.471,0.01
2020-07-13,EC,32083,497,0.478,0.007
2020-07-14,EC,34706,2623,0.517,0.039
2020-07-15,EC,37380,2674,0.557,0.04
2020-07-16,EC,39865,2485,0.594,0.037
2020-07-17,EC,41707,1842,0.621,0.027
2020-07-18,EC,43685,1978,0.651,0.029
2020-07-19,EC,44317,632,0.66,0.009
2020-07-20,EC,44807,490,0.668,0.007
2020-07-21,EC,47263,2456,0.704,0.037
2020-07-22,EC,49938,2675,0.744,0.04
2020-07-23,EC,53591,3653,0.798,0.054
2020-07-24,EC,55692,2101,0.83,0.031
2020-07-25,EC,57531,1839,0.857,0.027
2020-07-26,EC,58290,759,0.868,0.011
2020-07-27,EC,58685,395,0.874,0.006
2020-07-28,EC,60745,2060,0.905,0.031
2020-07-29,EC,62371,1626,0.929,0.024
2020-07-30,EC,63903,1532,0.952,0.023
2020-07-31,EC,65512,1609,0.976,0.024
2020-08-01,EC,66543,1031,0.991,0.015
2020-08-02,EC,68652,2109,1.023,0.031
2020-08-03,EC,70074,1422,1.044,0.021
2020-08-04,EC,71420,1346,1.064,0.02
2020-08-05,EC,72570,1150,1.081,0.017
2020-08-06,EC,74004,1434,1.103,0.021
2020-08-07,EC,74936,932,1.116,0.014
2020-08-08,EC,74941,5,1.116,0.0
2020-08-09,EC,76061,1120,1.133,0.017
2020-08-10,EC,76886,825,1.145,0.012
2020-08-11,EC,77550,664,1.155,0.01
2020-08-12,EC,78210,660,1.165,0.01
2020-08-13,EC,78385,175,1.168,0.003
2020-08-14,EC,78862,477,1.175,0.007
2020-08-15,EC,78862,0,1.175,0.0
2020-08-16,EC,78862,0,1.175,0.0
2020-08-17,EC,79947,1085,1.191,0.016
2020-08-18,EC,79947,0,1.191,0.0
2020-08-19,EC,79947,0,1.191,0.0
2020-08-20,EC,79947,0,1.191,0.0
2020-08-21,EC,80614,667,1.201,0.01
2020-08-22,EC,80614,0,1.201,0.0
2020-08-23,EC,80614,0,1.201,0.0
2020-08-24,EC,80614,0,1.201,0.0
2020-08-25,EC,80614,0,1.201,0.0
2020-08-26,EC,80614,0,1.201,0.0
2020-08-27,EC,81373,759,1.212,0.011
2020-08-28,EC,81373,0,1.212,0.0
2020-08-29,EC,81373,0,1.212,0.0
2020-08-30,EC,81373,0,1.212,0.0
2020-08-31,EC,81373,0,1.212,0.0
2020-09-01,EC,82233,860,1.225,0.013
2020-09-02,EC,82233,0,1.225,0.0
2020-09-03,EC,82233,0,1.225,0.0
2020-09-04,EC,82233,0,1.225,0.0
2020-09-05,EC,82233,0,1.225,0.0
2020-09-06,EC,82233,0,1.225,0.0
2020-09-07,EC,82842,609,1.234,0.009
2020-09-08,EC,82842,0,1.234,0.0
2020-09-09,EC,82842,0,1.234,0.0
2020-09-10,EC,82842,0,1.234,0.0
2020-09-11,EC,82842,0,1.234,0.0
2020-09-12,EC,82842,0,1.234,0.0
2020-09-13,EC,82842,0,1.234,0.0
2020-09-14,EC,82842,0,1.234,0.0
2020-09-15,EC,83629,787,1.246,0.012
2020-09-16,EC,83629,0,1.246,0.0
2020-09-17,EC,83629,0,1.246,0.0
2020-09-18,EC,83629,0,1.246,0.0
2020-09-19,EC,84108,479,1.253,0.007
2020-09-20,EC,84108,0,1.253,0.0
2020-09-21,EC,84108,0,1.253,0.0
2020-09-22,EC,84108,0,1.253,0.0
2020-09-23,EC,84108,0,1.253,0.0
2020-09-24,EC,84109,1,1.253,0.0
2020-09-25,EC,84108,-1,1.253,-0.0
2020-09-26,EC,84574,466,1.26,0.007
2020-09-27,EC,84574,0,1.26,0.0
2020-09-28,EC,84574,0,1.26,0.0
2020-09-29,EC,84574,0,1.26,0.0
2020-09-30,EC,84574,0,1.26,0.0
2020-10-01,EC,85301,727,1.271,0.011
2020-10-02,EC,85301,0,1.271,0.0
2020-10-03,EC,85301,0,1.271,0.0
2020-10-04,EC,85301,0,1.271,0.0
2020-10-05,EC,85301,0,1.271,0.0
2020-10-06,EC,85301,0,1.271,0.0
2020-10-07,EC,85301,0,1.271,0.0
2020-10-08,EC,85301,0,1.271,0.0
2020-10-09,EC,85301,0,1.271,0.0
2020-10-10,EC,86400,1099,1.287,0.016
2020-10-11,EC,86400,0,1.287,0.0
2020-10-12,EC,86400,0,1.287,0.0
2020-10-13,EC,86400,0,1.287,0.0
2020-10-14,EC,86400,0,1.287,0.0
2020-10-15,EC,86927,527,1.295,0.008
2020-10-16,EC,86927,0,1.295,0.0
2020-10-17,EC,86927,0,1.295,0.0
2020-10-18,EC,86927,0,1.295,0.0
2020-10-19,EC,86927,0,1.295,0.0
2020-10-20,EC,87746,819,1.307,0.012
2020-10-21,EC,87746,0,1.307,0.0
2020-10-22,EC,87746,0,1.307,0.0
2020-10-23,EC,87746,0,1.307,0.0
2020-10-24,EC,87746,0,1.307,0.0
2020-10-25,EC,88437,691,1.318,0.01
2020-10-26,EC,88437,0,1.318,0.0
2020-10-27,EC,88437,0,1.318,0.0
2020-10-28,EC,88437,0,1.318,0.0
2020-10-29,EC,89158,721,1.328,0.011
2020-10-30,EC,89158,0,1.328,0.0
2020-10-31,EC,89158,0,1.328,0.0
2020-11-01,EC,89815,657,1.338,0.01
2020-11-02,EC,89815,0,1.338,0.0
2020-11-03,EC,90919,1104,1.355,0.016
2020-11-04,EC,90919,0,1.355,0.0
2020-11-05,EC,90919,0,1.355,0.0
2020-11-06,EC,92126,1207,1.373,0.018
2020-11-07,EC,92126,0,1.373,0.0
2020-11-08,EC,92126,0,1.373,0.0
2020-11-09,EC,92126,0,1.373,0.0
2020-11-10,EC,92126,0,1.373,0.0
2020-11-11,EC,94310,2184,1.405,0.033
2020-11-12,EC,94799,489,1.412,0.007
2020-11-13,EC,94799,0,1.412,0.0
2020-11-14,EC,94799,0,1.412,0.0
2020-11-15,EC,94799,0,1.412,0.0
2020-11-16,EC,96300,1501,1.435,0.022
2020-11-17,EC,96300,0,1.435,0.0
2020-11-18,EC,99900,3600,1.488,0.054
2020-11-19,EC,99900,0,1.488,0.0
2020-11-20,EC,101438,1538,1.511,0.023
2020-11-21,EC,101438,0,1.511,0.0
2020-11-22,EC,103210,1772,1.538,0.026
2020-11-23,EC,103210,0,1.538,0.0
2020-11-24,EC,107116,3906,1.596,0.058
2020-11-25,EC,107116,0,1.596,0.0
2020-11-26,EC,107116,0,1.596,0.0
2020-11-27,EC,109170,2054,1.626,0.031
2020-11-28,EC,109170,0,1.626,0.0
2020-11-29,EC,114808,5638,1.71,0.084
2020-11-30,EC,114808,0,1.71,0.0
2020-12-01,EC,114808,0,1.71,0.0
2020-12-02,EC,115608,800,1.722,0.012
2020-12-03,EC,119211,3603,1.776,0.054
2020-12-04,EC,119211,0,1.776,0.0
2020-12-05,EC,122078,2867,1.819,0.043
2020-12-06,EC,122078,0,1.819,0.0
2020-12-07,EC,122078,0,1.819,0.0
2020-12-08,EC,126012,3934,1.877,0.059
2020-12-09,EC,126012,0,1.877,0.0
2020-12-10,EC,126748,736,1.888,0.011
2020-12-11,EC,126748,0,1.888,0.0
2020-12-12,EC,126748,0,1.888,0.0
2020-12-13,EC,126748,0,1.888,0.0
2020-12-14,EC,126748,0,1.888,0.0
2020-12-15,EC,126748,0,1.888,0.0
2020-12-16,EC,132752,6004,1.978,0.089
2020-12-17,EC,135876,3124,2.024,0.047
2020-12-18,EC,135876,0,2.024,0.0
2020-12-19,EC,135876,0,2.024,0.0
2020-12-20,EC,139264,3388,2.075,0.05
2020-12-21,EC,139264,0,2.075,0.0
2020-12-22,EC,143409,4145,2.137,0.062
2020-12-23,EC,143409,0,2.137,0.0
2020-12-24,EC,147259,3850,2.194,0.057
2020-12-25,EC,147259,0,2.194,0.0
2020-12-26,EC,150665,3406,2.245,0.051
2020-12-27,EC,152963,2298,2.279,0.034
2020-12-28,EC,155056,2093,2.31,0.031
2020-12-29,EC,155056,0,2.31,0.0
2020-12-30,EC,157216,2160,2.342,0.032
2020-12-31,EC,157216,0,2.342,0.0
2021-01-01,EC,157216,0,2.342,0.0
2021-01-02,EC,159694,2478,2.379,0.037
2021-01-03,EC,159694,0,2.379,0.0
2021-01-04,EC,161376,1682,2.404,0.025
2021-01-05,EC,161376,0,2.404,0.0
2021-01-06,EC,162039,663,2.414,0.01
2020-04-17,FS,71,71,0.002,0.002
2020-04-18,FS,71,0,0.002,0.0
2020-04-19,FS,71,0,0.002,0.0
2020-04-20,FS,74,3,0.003,0.0
2020-04-21,FS,74,0,0.003,0.0
2020-04-22,FS,74,0,0.003,0.0
2020-04-23,FS,76,2,0.003,0.0
2020-04-24,FS,76,0,0.003,0.0
2020-04-25,FS,76,0,0.003,0.0
2020-04-26,FS,76,0,0.003,0.0
2020-04-27,FS,76,0,0.003,0.0
2020-04-28,FS,76,0,0.003,0.0
2020-04-29,FS,76,0,0.003,0.0
2020-04-30,FS,76,0,0.003,0.0
2020-05-01,FS,76,0,0.003,0.0
2020-05-02,FS,96,20,0.003,0.001
2020-05-03,FS,96,0,0.003,0.0
2020-05-04,FS,96,0,0.003,0.0
2020-05-05,FS,96,0,0.003,0.0
2020-05-06,FS,102,6,0.004,0.0
2020-05-07,FS,102,0,0.004,0.0
2020-05-08,FS,102,0,0.004,0.0
2020-05-09,FS,102,0,0.004,0.0
2020-05-10,FS,105,3,0.004,0.0
2020-05-11,FS,105,0,0.004,0.0
2020-05-12,FS,105,0,0.004,0.0
2020-05-13,FS,107,2,0.004,0.0
2020-05-14,FS,108,1,0.004,0.0
2020-05-15,FS,108,0,0.004,0.0
2020-05-16,FS,108,0,0.004,0.0
2020-05-17,FS,108,0,0.004,0.0
2020-05-18,FS,108,0,0.004,0.0
2020-05-19,FS,118,10,0.004,0.0
2020-05-20,FS,118,0,0.004,0.0
2020-05-21,FS,118,0,0.004,0.0
2020-05-22,FS,121,3,0.004,0.0
2020-05-23,FS,121,0,0.004,0.0
2020-05-24,FS,121,0,0.004,0.0
2020-05-25,FS,121,0,0.004,0.0
2020-05-26,FS,123,2,0.004,0.0
2020-05-27,FS,123,0,0.004,0.0
2020-05-28,FS,123,0,0.004,0.0
2020-05-29,FS,124,1,0.004,0.0
2020-05-30,FS,123,-1,0.004,-0.0
2020-05-31,FS,124,1,0.004,0.0
2020-06-01,FS,123,-1,0.004,-0.0
2020-06-02,FS,123,0,0.004,0.0
2020-06-03,FS,123,0,0.004,0.0
2020-06-04,FS,128,5,0.004,0.0
2020-06-05,FS,123,-5,0.004,-0.0
2020-06-06,FS,152,29,0.005,0.001
2020-06-07,FS,152,0,0.005,0.0
2020-06-08,FS,152,0,0.005,0.0
2020-06-09,FS,162,10,0.006,0.0
2020-06-10,FS,162,0,0.006,0.0
2020-06-11,FS,162,0,0.006,0.0
2020-06-12,FS,189,27,0.007,0.001
2020-06-13,FS,189,0,0.007,0.0
2020-06-14,FS,222,33,0.008,0.001
2020-06-15,FS,222,0,0.008,0.0
2020-06-16,FS,222,0,0.008,0.0
2020-06-17,FS,222,0,0.008,0.0
2020-06-18,FS,235,13,0.008,0.0
2020-06-19,FS,235,0,0.008,0.0
2020-06-20,FS,236,1,0.008,0.0
2020-06-21,FS,264,28,0.009,0.001
2020-06-22,FS,264,0,0.009,0.0
2020-06-23,FS,264,0,0.009,0.0
2020-06-24,FS,264,0,0.009,0.0
2020-06-25,FS,318,54,0.011,0.002
2020-06-26,FS,318,0,0.011,0.0
2020-06-27,FS,356,38,0.012,0.001
2020-06-28,FS,356,0,0.012,0.0
2020-06-29,FS,385,29,0.013,0.001
2020-06-30,FS,385,0,0.013,0.0
2020-07-01,FS,386,1,0.013,0.0
2020-07-02,FS,386,0,0.013,0.0
2020-07-03,FS,396,10,0.014,0.0
2020-07-04,FS,437,41,0.015,0.001
2020-07-05,FS,455,18,0.016,0.001
2020-07-06,FS,479,24,0.017,0.001
2020-07-07,FS,528,49,0.018,0.002
2020-07-08,FS,528,0,0.018,0.0
2020-07-09,FS,629,101,0.022,0.003
2020-07-10,FS,629,0,0.022,0.0
2020-07-11,FS,681,52,0.024,0.002
2020-07-12,FS,681,0,0.024,0.0
2020-07-13,FS,746,65,0.026,0.002
2020-07-14,FS,746,0,0.026,0.0
2020-07-15,FS,968,222,0.034,0.008
2020-07-16,FS,1033,65,0.036,0.002
2020-07-17,FS,1033,0,0.036,0.0
2020-07-18,FS,1033,0,0.036,0.0
2020-07-19,FS,1033,0,0.036,0.0
2020-07-20,FS,1128,95,0.039,0.003
2020-07-21,FS,1272,144,0.044,0.005
2020-07-22,FS,1315,43,0.046,0.001
2020-07-23,FS,1821,506,0.063,0.018
2020-07-24,FS,1873,52,0.065,0.002
2020-07-25,FS,2064,191,0.071,0.007
2020-07-26,FS,2075,11,0.072,0.0
2020-07-27,FS,2087,12,0.072,0.0
2020-07-28,FS,2178,91,0.075,0.003
2020-07-29,FS,2178,0,0.075,0.0
2020-07-30,FS,2178,0,0.075,0.0
2020-07-31,FS,7063,4885,0.245,0.169
2020-08-01,FS,8897,1834,0.308,0.064
2020-08-02,FS,8897,0,0.308,0.0
2020-08-03,FS,10149,1252,0.351,0.043
2020-08-04,FS,10582,433,0.366,0.015
2020-08-05,FS,10582,0,0.366,0.0
2020-08-06,FS,11575,993,0.401,0.034
2020-08-07,FS,11832,257,0.41,0.009
2020-08-08,FS,12155,323,0.421,0.011
2020-08-09,FS,12642,487,0.438,0.017
2020-08-10,FS,13039,397,0.452,0.014
2020-08-11,FS,13478,439,0.467,0.015
2020-08-12,FS,14522,1044,0.503,0.036
2020-08-13,FS,14911,389,0.516,0.013
2020-08-14,FS,15217,306,0.527,0.011
2020-08-15,FS,15819,602,0.548,0.021
2020-08-16,FS,15819,0,0.548,0.0
2020-08-17,FS,17000,1181,0.589,0.041
2020-08-18,FS,17547,547,0.608,0.019
2020-08-19,FS,19548,2001,0.677,0.069
2020-08-20,FS,19779,231,0.685,0.008
2020-08-21,FS,20443,664,0.708,0.023
2020-08-22,FS,20641,198,0.715,0.007
2020-08-23,FS,20678,37,0.716,0.001
2020-08-24,FS,20678,0,0.716,0.0
2020-08-25,FS,21174,496,0.733,0.017
2020-08-26,FS,22740,1566,0.788,0.054
2020-08-27,FS,22829,89,0.791,0.003
2020-08-28,FS,23031,202,0.798,0.007
2020-08-29,FS,23047,16,0.798,0.001
2020-08-30,FS,23092,45,0.8,0.002
2020-08-31,FS,23180,88,0.803,0.003
2020-09-01,FS,24464,1284,0.847,0.044
2020-09-02,FS,25999,1535,0.9,0.053
2020-09-03,FS,26056,57,0.902,0.002
2020-09-04,FS,27129,1073,0.94,0.037
2020-09-05,FS,27129,0,0.94,0.0
2020-09-06,FS,27129,0,0.94,0.0
2020-09-07,FS,27129,0,0.94,0.0
2020-09-08,FS,27129,0,0.94,0.0
2020-09-09,FS,27129,0,0.94,0.0
2020-09-10,FS,27229,100,0.943,0.003
2020-09-11,FS,27516,287,0.953,0.01
2020-09-12,FS,27590,74,0.956,0.003
2020-09-13,FS,27606,16,0.956,0.001
2020-09-14,FS,27678,72,0.959,0.002
2020-09-15,FS,28452,774,0.985,0.027
2020-09-16,FS,28586,134,0.99,0.005
2020-09-17,FS,28759,173,0.996,0.006
2020-09-18,FS,28934,175,1.002,0.006
2020-09-19,FS,29019,85,1.005,0.003
2020-09-20,FS,29049,30,1.006,0.001
2020-09-21,FS,29093,44,1.008,0.002
2020-09-22,FS,29283,190,1.014,0.007
2020-09-23,FS,29445,162,1.02,0.006
2020-09-24,FS,29778,333,1.031,0.012
2020-09-25,FS,31288,1510,1.084,0.052
2020-09-26,FS,31568,280,1.093,0.01
2020-09-27,FS,31602,34,1.094,0.001
2020-09-28,FS,31641,39,1.096,0.001
2020-09-29,FS,31949,308,1.106,0.011
2020-09-30,FS,33017,1068,1.143,0.037
2020-10-01,FS,33019,2,1.144,0.0
2020-10-02,FS,33133,114,1.147,0.004
2020-10-03,FS,33638,505,1.165,0.017
2020-10-04,FS,34579,941,1.198,0.033
2020-10-05,FS,34808,229,1.205,0.008
2020-10-06,FS,34808,0,1.205,0.0
2020-10-07,FS,35195,387,1.219,0.013
2020-10-08,FS,35271,76,1.222,0.003
2020-10-09,FS,35417,146,1.227,0.005
2020-10-10,FS,35537,120,1.231,0.004
2020-10-11,FS,35537,0,1.231,0.0
2020-10-12,FS,35537,0,1.231,0.0
2020-10-13,FS,35537,0,1.231,0.0
2020-10-14,FS,36098,561,1.25,0.019
2020-10-15,FS,36303,205,1.257,0.007
2020-10-16,FS,36452,149,1.262,0.005
2020-10-17,FS,36624,172,1.268,0.006
2020-10-18,FS,36659,35,1.27,0.001
2020-10-19,FS,36702,43,1.271,0.001
2020-10-20,FS,39447,2745,1.366,0.095
2020-10-21,FS,40576,1129,1.405,0.039
2020-10-22,FS,40634,58,1.407,0.002
2020-10-23,FS,40823,189,1.414,0.007
2020-10-24,FS,40957,134,1.418,0.005
2020-10-25,FS,40980,23,1.419,0.001
2020-10-26,FS,40991,11,1.42,0.0
2020-10-27,FS,40991,0,1.42,0.0
2020-10-28,FS,41290,299,1.43,0.01
2020-10-29,FS,41290,0,1.43,0.0
2020-10-30,FS,42658,1368,1.477,0.047
2020-10-31,FS,42869,211,1.485,0.007
2020-11-01,FS,42878,9,1.485,0.0
2020-11-02,FS,43902,1024,1.52,0.035
2020-11-03,FS,43902,0,1.52,0.0
2020-11-04,FS,43902,0,1.52,0.0
2020-11-05,FS,45128,1226,1.563,0.042
2020-11-06,FS,45128,0,1.563,0.0
2020-11-07,FS,45780,652,1.585,0.023
2020-11-08,FS,45872,92,1.589,0.003
2020-11-09,FS,45872,0,1.589,0.0
2020-11-10,FS,46058,186,1.595,0.006
2020-11-11,FS,46751,693,1.619,0.024
2020-11-12,FS,47284,533,1.638,0.018
2020-11-13,FS,47861,577,1.658,0.02
2020-11-14,FS,48109,248,1.666,0.009
2020-11-15,FS,48109,0,1.666,0.0
2020-11-16,FS,48227,118,1.67,0.004
2020-11-17,FS,48593,366,1.683,0.013
2020-11-18,FS,49082,489,1.7,0.017
2020-11-19,FS,49098,16,1.7,0.001
2020-11-20,FS,49098,0,1.7,0.0
2020-11-21,FS,49225,127,1.705,0.004
2020-11-22,FS,49231,6,1.705,0.0
2020-11-23,FS,49311,80,1.708,0.003
2020-11-24,FS,49686,375,1.721,0.013
2020-11-25,FS,49686,0,1.721,0.0
2020-11-26,FS,49686,0,1.721,0.0
2020-11-27,FS,50629,943,1.753,0.033
2020-11-28,FS,50629,0,1.753,0.0
2020-11-29,FS,51083,454,1.769,0.016
2020-11-30,FS,51100,17,1.77,0.001
2020-12-01,FS,51196,96,1.773,0.003
2020-12-02,FS,51196,0,1.773,0.0
2020-12-03,FS,51575,379,1.786,0.013
2020-12-04,FS,51722,147,1.791,0.005
2020-12-05,FS,51739,17,1.792,0.001
2020-12-06,FS,51739,0,1.792,0.0
2020-12-07,FS,51878,139,1.797,0.005
2020-12-08,FS,53068,1190,1.838,0.041
2020-12-09,FS,53068,0,1.838,0.0
2020-12-10,FS,53068,0,1.838,0.0
2020-12-11,FS,53068,0,1.838,0.0
2020-12-12,FS,53068,0,1.838,0.0
2020-12-13,FS,53068,0,1.838,0.0
2020-12-14,FS,53663,595,1.858,0.021
2020-12-15,FS,53663,0,1.858,0.0
2020-12-16,FS,53663,0,1.858,0.0
2020-12-17,FS,53663,0,1.858,0.0
2020-12-18,FS,53663,0,1.858,0.0
2020-12-19,FS,53910,247,1.867,0.009
2020-12-20,FS,53928,18,1.868,0.001
2020-12-21,FS,53947,19,1.868,0.001
2020-12-22,FS,54359,412,1.883,0.014
2020-12-23,FS,54422,63,1.885,0.002
2020-12-24,FS,54422,0,1.885,0.0
2020-12-25,FS,54454,32,1.886,0.001
2020-12-26,FS,54455,1,1.886,0.0
2020-12-27,FS,54457,2,1.886,0.0
2020-12-28,FS,54467,10,1.886,0.0
2020-12-29,FS,54594,127,1.891,0.004
2020-12-30,FS,54754,160,1.896,0.006
2020-12-31,FS,54988,234,1.904,0.008
2021-01-01,FS,55156,168,1.91,0.006
2021-01-02,FS,55188,32,1.911,0.001
2021-01-03,FS,55214,26,1.912,0.001
2021-01-04,FS,55214,0,1.912,0.0
2021-01-05,FS,55214,0,1.912,0.0
2021-01-06,FS,55629,415,1.927,0.014
2020-04-17,GP,479,479,0.003,0.003
2020-04-18,GP,479,0,0.003,0.0
2020-04-19,GP,479,0,0.003,0.0
2020-04-20,GP,545,66,0.004,0.0
2020-04-21,GP,545,0,0.004,0.0
2020-04-22,GP,545,0,0.004,0.0
2020-04-23,GP,843,298,0.006,0.002
2020-04-24,GP,843,0,0.006,0.0
2020-04-25,GP,843,0,0.006,0.0
2020-04-26,GP,843,0,0.006,0.0
2020-04-27,GP,843,0,0.006,0.0
2020-04-28,GP,843,0,0.006,0.0
2020-04-29,GP,843,0,0.006,0.0
2020-04-30,GP,843,0,0.006,0.0
2020-05-01,GP,843,0,0.006,0.0
2020-05-02,GP,948,105,0.006,0.001
2020-05-03,GP,948,0,0.006,0.0
2020-05-04,GP,979,31,0.006,0.0
2020-05-05,GP,979,0,0.006,0.0
2020-05-06,GP,1036,57,0.007,0.0
2020-05-07,GP,1036,0,0.007,0.0
2020-05-08,GP,1036,0,0.007,0.0
2020-05-09,GP,1036,0,0.007,0.0
2020-05-10,GP,1247,211,0.008,0.001
2020-05-11,GP,1247,0,0.008,0.0
2020-05-12,GP,1247,0,0.008,0.0
2020-05-13,GP,1343,96,0.009,0.001
2020-05-14,GP,1547,204,0.01,0.001
2020-05-15,GP,1552,5,0.01,0.0
2020-05-16,GP,1583,31,0.01,0.0
2020-05-17,GP,1583,0,0.01,0.0
2020-05-18,GP,1657,74,0.011,0.0
2020-05-19,GP,1671,14,0.011,0.0
2020-05-20,GP,1694,23,0.011,0.0
2020-05-21,GP,1694,0,0.011,0.0
2020-05-22,GP,1776,82,0.012,0.001
2020-05-23,GP,1776,0,0.012,0.0
2020-05-24,GP,1840,64,0.012,0.0
2020-05-25,GP,1899,59,0.013,0.0
2020-05-26,GP,1919,20,0.013,0.0
2020-05-27,GP,1955,36,0.013,0.0
2020-05-28,GP,1993,38,0.013,0.0
2020-05-29,GP,2019,26,0.013,0.0
2020-05-30,GP,2035,16,0.013,0.0
2020-05-31,GP,2060,25,0.014,0.0
2020-06-01,GP,2060,0,0.014,0.0
2020-06-02,GP,2060,0,0.014,0.0
2020-06-03,GP,2169,109,0.014,0.001
2020-06-04,GP,2222,53,0.015,0.0
2020-06-05,GP,2344,122,0.015,0.001
2020-06-06,GP,2344,0,0.015,0.0
2020-06-07,GP,2428,84,0.016,0.001
2020-06-08,GP,2428,0,0.016,0.0
2020-06-09,GP,2575,147,0.017,0.001
2020-06-10,GP,2825,250,0.019,0.002
2020-06-11,GP,2825,0,0.019,0.0
2020-06-12,GP,2948,123,0.019,0.001
2020-06-13,GP,3075,127,0.02,0.001
2020-06-14,GP,3207,132,0.021,0.001
2020-06-15,GP,3348,141,0.022,0.001
2020-06-16,GP,3442,94,0.023,0.001
2020-06-17,GP,3716,274,0.024,0.002
2020-06-18,GP,3756,40,0.025,0.0
2020-06-19,GP,4001,245,0.026,0.002
2020-06-20,GP,4273,272,0.028,0.002
2020-06-21,GP,4673,400,0.031,0.003
2020-06-22,GP,5620,947,0.037,0.006
2020-06-23,GP,5620,0,0.037,0.0
2020-06-24,GP,5856,236,0.039,0.002
2020-06-25,GP,5856,0,0.039,0.0
2020-06-26,GP,7132,1276,0.047,0.008
2020-06-27,GP,7712,580,0.051,0.004
2020-06-28,GP,8580,868,0.057,0.006
2020-06-29,GP,9738,1158,0.064,0.008
2020-06-30,GP,10534,796,0.069,0.005
2020-07-01,GP,10534,0,0.069,0.0
2020-07-02,GP,12957,2423,0.085,0.016
2020-07-03,GP,14097,1140,0.093,0.008
2020-07-04,GP,15935,1838,0.105,0.012
2020-07-05,GP,16887,952,0.111,0.006
2020-07-06,GP,19779,2892,0.13,0.019
2020-07-07,GP,19779,0,0.13,0.0
2020-07-08,GP,19779,0,0.13,0.0
2020-07-09,GP,23804,4025,0.157,0.027
2020-07-10,GP,23804,0,0.157,0.0
2020-07-11,GP,29038,5234,0.191,0.034
2020-07-12,GP,32958,3920,0.217,0.026
2020-07-13,GP,33514,556,0.221,0.004
2020-07-14,GP,36146,2632,0.238,0.017
2020-07-15,GP,45743,9597,0.301,0.063
2020-07-16,GP,45743,0,0.301,0.0
2020-07-17,GP,51256,5513,0.338,0.036
2020-07-18,GP,51256,0,0.338,0.0
2020-07-19,GP,58512,7256,0.386,0.048
2020-07-20,GP,58512,0,0.386,0.0
2020-07-21,GP,66434,7922,0.438,0.052
2020-07-22,GP,77397,10963,0.51,0.072
2020-07-23,GP,77397,0,0.51,0.0
2020-07-24,GP,82126,4729,0.541,0.031
2020-07-25,GP,92346,10220,0.608,0.067
2020-07-26,GP,92346,0,0.608,0.0
2020-07-27,GP,97485,5139,0.642,0.034
2020-07-28,GP,102614,5129,0.676,0.034
2020-07-29,GP,105614,3000,0.696,0.02
2020-07-30,GP,111061,5447,0.732,0.036
2020-07-31,GP,117099,6038,0.772,0.04
2020-08-01,GP,126784,9685,0.835,0.064
2020-08-02,GP,126784,0,0.835,0.0
2020-08-03,GP,126784,0,0.835,0.0
2020-08-04,GP,126784,0,0.835,0.0
2020-08-05,GP,129375,2591,0.852,0.017
2020-08-06,GP,132002,2627,0.87,0.017
2020-08-07,GP,135485,3483,0.893,0.023
2020-08-08,GP,139745,4260,0.921,0.028
2020-08-09,GP,143068,3323,0.943,0.022
2020-08-10,GP,145776,2708,0.961,0.018
2020-08-11,GP,150082,4306,0.989,0.028
2020-08-12,GP,152061,1979,1.002,0.013
2020-08-13,GP,154392,2331,1.017,0.015
2020-08-14,GP,156402,2010,1.031,0.013
2020-08-15,GP,158705,2303,1.046,0.015
2020-08-16,GP,159712,1007,1.052,0.007
2020-08-17,GP,161078,1366,1.061,0.009
2020-08-18,GP,166143,5065,1.095,0.033
2020-08-19,GP,167812,1669,1.106,0.011
2020-08-20,GP,169299,1487,1.116,0.01
2020-08-21,GP,170335,1036,1.122,0.007
2020-08-22,GP,171839,1504,1.132,0.01
2020-08-23,GP,172612,773,1.137,0.005
2020-08-24,GP,174248,1636,1.148,0.011
2020-08-25,GP,175407,1159,1.156,0.008
2020-08-26,GP,176513,1106,1.163,0.007
2020-08-27,GP,178479,1966,1.176,0.013
2020-08-28,GP,179631,1152,1.184,0.008
2020-08-29,GP,180345,714,1.188,0.005
2020-08-30,GP,181299,954,1.195,0.006
2020-08-31,GP,182466,1167,1.202,0.008
2020-09-01,GP,183789,1323,1.211,0.009
2020-09-02,GP,184274,485,1.214,0.003
2020-09-03,GP,184538,264,1.216,0.002
2020-09-04,GP,185192,654,1.22,0.004
2020-09-05,GP,186731,1539,1.23,0.01
2020-09-06,GP,187301,570,1.234,0.004
2020-09-07,GP,187987,686,1.239,0.005
2020-09-08,GP,188367,380,1.241,0.003
2020-09-09,GP,188987,620,1.245,0.004
2020-09-10,GP,189208,221,1.247,0.001
2020-09-11,GP,189825,617,1.251,0.004
2020-09-12,GP,190279,454,1.254,0.003
2020-09-13,GP,190761,482,1.257,0.003
2020-09-14,GP,191198,437,1.26,0.003
2020-09-15,GP,191668,470,1.263,0.003
2020-09-16,GP,191923,255,1.265,0.002
2020-09-17,GP,192081,158,1.266,0.001
2020-09-18,GP,192447,366,1.268,0.002
2020-09-19,GP,192886,439,1.271,0.003
2020-09-20,GP,193153,267,1.273,0.002
2020-09-21,GP,193429,276,1.275,0.002
2020-09-22,GP,193701,272,1.276,0.002
2020-09-23,GP,193889,188,1.278,0.001
2020-09-24,GP,193991,102,1.278,0.001
2020-09-25,GP,194417,426,1.281,0.003
2020-09-26,GP,194935,518,1.284,0.003
2020-09-27,GP,195417,482,1.288,0.003
2020-09-28,GP,195729,312,1.29,0.002
2020-09-29,GP,195979,250,1.291,0.002
2020-09-30,GP,196169,190,1.293,0.001
2020-10-01,GP,196267,98,1.293,0.001
2020-10-02,GP,196638,371,1.296,0.002
2020-10-03,GP,196938,300,1.298,0.002
2020-10-04,GP,197194,256,1.299,0.002
2020-10-05,GP,197553,359,1.302,0.002
2020-10-06,GP,197712,159,1.303,0.001
2020-10-07,GP,197892,180,1.304,0.001
2020-10-08,GP,198022,130,1.305,0.001
2020-10-09,GP,198291,269,1.307,0.002
2020-10-10,GP,198582,291,1.309,0.002
2020-10-11,GP,198876,294,1.31,0.002
2020-10-12,GP,199116,240,1.312,0.002
2020-10-13,GP,199352,236,1.314,0.002
2020-10-14,GP,199514,162,1.315,0.001
2020-10-15,GP,199656,142,1.316,0.001
2020-10-16,GP,200089,433,1.318,0.003
2020-10-17,GP,200353,264,1.32,0.002
2020-10-18,GP,204090,3737,1.345,0.025
2020-10-19,GP,204424,334,1.347,0.002
2020-10-20,GP,204722,298,1.349,0.002
2020-10-21,GP,205065,343,1.351,0.002
2020-10-22,GP,205216,151,1.352,0.001
2020-10-23,GP,205643,427,1.355,0.003
2020-10-24,GP,206004,361,1.357,0.002
2020-10-25,GP,206362,358,1.36,0.002
2020-10-26,GP,206750,388,1.362,0.003
2020-10-27,GP,207060,310,1.364,0.002
2020-10-28,GP,207211,151,1.365,0.001
2020-10-29,GP,207316,105,1.366,0.001
2020-10-30,GP,207697,381,1.369,0.003
2020-10-31,GP,208043,346,1.371,0.002
2020-11-01,GP,208385,342,1.373,0.002
2020-11-02,GP,208801,416,1.376,0.003
2020-11-03,GP,208988,187,1.377,0.001
2020-11-04,GP,209243,255,1.379,0.002
2020-11-05,GP,218990,9747,1.443,0.064
2020-11-06,GP,219268,278,1.445,0.002
2020-11-07,GP,221243,1975,1.458,0.013
2020-11-08,GP,221662,419,1.461,0.003
2020-11-09,GP,221966,304,1.463,0.002
2020-11-10,GP,223705,1739,1.474,0.011
2020-11-11,GP,223705,0,1.474,0.0
2020-11-12,GP,224817,1112,1.481,0.007
2020-11-13,GP,224817,0,1.481,0.0
2020-11-14,GP,224817,0,1.481,0.0
2020-11-15,GP,224840,23,1.482,0.0
2020-11-16,GP,224840,0,1.482,0.0
2020-11-17,GP,225067,227,1.483,0.001
2020-11-18,GP,225067,0,1.483,0.0
2020-11-19,GP,225235,168,1.484,0.001
2020-11-20,GP,227195,1960,1.497,0.013
2020-11-21,GP,227469,274,1.499,0.002
2020-11-22,GP,227707,238,1.5,0.002
2020-11-23,GP,227911,204,1.502,0.001
2020-11-24,GP,228111,200,1.503,0.001
2020-11-25,GP,228111,0,1.503,0.0
2020-11-26,GP,228111,0,1.503,0.0
2020-11-27,GP,228365,254,1.505,0.002
2020-11-28,GP,228365,0,1.505,0.0
2020-11-29,GP,228789,424,1.508,0.003
2020-11-30,GP,229041,252,1.509,0.002
2020-12-01,GP,229041,0,1.509,0.0
2020-12-02,GP,229041,0,1.509,0.0
2020-12-03,GP,229041,0,1.509,0.0
2020-12-04,GP,229041,0,1.509,0.0
2020-12-05,GP,229041,0,1.509,0.0
2020-12-06,GP,229041,0,1.509,0.0
2020-12-07,GP,229041,0,1.509,0.0
2020-12-08,GP,229547,506,1.513,0.003
2020-12-09,GP,229789,242,1.514,0.002
2020-12-10,GP,229789,0,1.514,0.0
2020-12-11,GP,230121,332,1.516,0.002
2020-12-12,GP,230578,457,1.519,0.003
2020-12-13,GP,231009,431,1.522,0.003
2020-12-14,GP,231573,564,1.526,0.004
2020-12-15,GP,231573,0,1.526,0.0
2020-12-16,GP,232677,1104,1.533,0.007
2020-12-17,GP,233273,596,1.537,0.004
2020-12-18,GP,233945,672,1.542,0.004
2020-12-19,GP,235084,1139,1.549,0.008
2020-12-20,GP,236320,1236,1.557,0.008
2020-12-21,GP,237741,1421,1.567,0.009
2020-12-22,GP,239069,1328,1.575,0.009
2020-12-23,GP,240441,1372,1.584,0.009
2020-12-24,GP,241302,861,1.59,0.006
2020-12-25,GP,242433,1131,1.597,0.007
2020-12-26,GP,244198,1765,1.609,0.012
2020-12-27,GP,245919,1721,1.62,0.011
2020-12-28,GP,247332,1413,1.63,0.009
2020-12-29,GP,249558,2226,1.644,0.015
2020-12-30,GP,251492,1934,1.657,0.013
2020-12-31,GP,253070,1578,1.668,0.01
2021-01-01,GP,254657,1587,1.678,0.01
2021-01-02,GP,257561,2904,1.697,0.019
2021-01-03,GP,260571,3010,1.717,0.02
2021-01-04,GP,264261,3690,1.741,0.024
2021-01-05,GP,266912,2651,1.759,0.017
2021-01-06,GP,268551,1639,1.77,0.011
2020-04-17,KZN,96,96,0.001,0.001
2020-04-18,KZN,96,0,0.001,0.0
2020-04-19,KZN,96,0,0.001,0.0
2020-04-20,KZN,151,55,0.001,0.0
2020-04-21,KZN,151,0,0.001,0.0
2020-04-22,KZN,151,0,0.001,0.0
2020-04-23,KZN,241,90,0.002,0.001
2020-04-24,KZN,241,0,0.002,0.0
2020-04-25,KZN,241,0,0.002,0.0
2020-04-26,KZN,241,0,0.002,0.0
2020-04-27,KZN,241,0,0.002,0.0
2020-04-28,KZN,241,0,0.002,0.0
2020-04-29,KZN,241,0,0.002,0.0
2020-04-30,KZN,241,0,0.002,0.0
2020-05-01,KZN,241,0,0.002,0.0
2020-05-02,KZN,375,134,0.003,0.001
2020-05-03,KZN,375,0,0.003,0.0
2020-05-04,KZN,415,40,0.004,0.0
2020-05-05,KZN,415,0,0.004,0.0
2020-05-06,KZN,420,5,0.004,0.0
2020-05-07,KZN,420,0,0.004,0.0
2020-05-08,KZN,420,0,0.004,0.0
2020-05-09,KZN,420,0,0.004,0.0
2020-05-10,KZN,606,186,0.005,0.002
2020-05-11,KZN,606,0,0.005,0.0
2020-05-12,KZN,606,0,0.005,0.0
2020-05-13,KZN,618,12,0.005,0.0
2020-05-14,KZN,689,71,0.006,0.001
2020-05-15,KZN,795,106,0.007,0.001
2020-05-16,KZN,806,11,0.007,0.0
2020-05-17,KZN,817,11,0.007,0.0
2020-05-18,KZN,818,1,0.007,0.0
2020-05-19,KZN,818,0,0.007,0.0
2020-05-20,KZN,842,24,0.007,0.0
2020-05-21,KZN,842,0,0.007,0.0
2020-05-22,KZN,880,38,0.008,0.0
2020-05-23,KZN,880,0,0.008,0.0
2020-05-24,KZN,1111,231,0.01,0.002
2020-05-25,KZN,1168,57,0.01,0.001
2020-05-26,KZN,1180,12,0.01,0.0
2020-05-27,KZN,1180,0,0.01,0.0
2020-05-28,KZN,1180,0,0.01,0.0
2020-05-29,KZN,1180,0,0.01,0.0
2020-05-30,KZN,1180,0,0.01,0.0
2020-05-31,KZN,1248,68,0.011,0.001
2020-06-01,KZN,1248,0,0.011,0.0
2020-06-02,KZN,1248,0,0.011,0.0
2020-06-03,KZN,1248,0,0.011,0.0
2020-06-04,KZN,1260,12,0.011,0.0
2020-06-05,KZN,1378,118,0.012,0.001
2020-06-06,KZN,1378,0,0.012,0.0
2020-06-07,KZN,1378,0,0.012,0.0
2020-06-08,KZN,1378,0,0.012,0.0
2020-06-09,KZN,1566,188,0.014,0.002
2020-06-10,KZN,1572,6,0.014,0.0
2020-06-11,KZN,1572,0,0.014,0.0
2020-06-12,KZN,1572,0,0.014,0.0
2020-06-13,KZN,1810,238,0.016,0.002
2020-06-14,KZN,1810,0,0.016,0.0
2020-06-15,KZN,1810,0,0.016,0.0
2020-06-16,KZN,2133,323,0.019,0.003
2020-06-17,KZN,2133,0,0.019,0.0
2020-06-18,KZN,2133,0,0.019,0.0
2020-06-19,KZN,2527,394,0.022,0.003
2020-06-20,KZN,2527,0,0.022,0.0
2020-06-21,KZN,2594,67,0.023,0.001
2020-06-22,KZN,2769,175,0.025,0.002
2020-06-23,KZN,2849,80,0.025,0.001
2020-06-24,KZN,2947,98,0.026,0.001
2020-06-25,KZN,2947,0,0.026,0.0
2020-06-26,KZN,3197,250,0.028,0.002
2020-06-27,KZN,3417,220,0.03,0.002
2020-06-28,KZN,3417,0,0.03,0.0
2020-06-29,KZN,3602,185,0.032,0.002
2020-06-30,KZN,3602,0,0.032,0.0
2020-07-01,KZN,3770,168,0.033,0.001
2020-07-02,KZN,4111,341,0.036,0.003
2020-07-03,KZN,4197,86,0.037,0.001
2020-07-04,KZN,4197,0,0.037,0.0
2020-07-05,KZN,4197,0,0.037,0.0
2020-07-06,KZN,4811,614,0.043,0.005
2020-07-07,KZN,4890,79,0.043,0.001
2020-07-08,KZN,5307,417,0.047,0.004
2020-07-09,KZN,5505,198,0.049,0.002
2020-07-10,KZN,5953,448,0.053,0.004
2020-07-11,KZN,6021,68,0.053,0.001
2020-07-12,KZN,6021,0,0.053,0.0
2020-07-13,KZN,7521,1500,0.067,0.013
2020-07-14,KZN,7521,0,0.067,0.0
2020-07-15,KZN,8968,1447,0.079,0.013
2020-07-16,KZN,8968,0,0.079,0.0
2020-07-17,KZN,10403,1435,0.092,0.013
2020-07-18,KZN,10624,221,0.094,0.002
2020-07-19,KZN,11055,431,0.098,0.004
2020-07-20,KZN,13494,2439,0.12,0.022
2020-07-21,KZN,13920,426,0.123,0.004
2020-07-22,KZN,18067,4147,0.16,0.037
2020-07-23,KZN,18786,719,0.166,0.006
2020-07-24,KZN,18786,0,0.166,0.0
2020-07-25,KZN,21251,2465,0.188,0.022
2020-07-26,KZN,21251,0,0.188,0.0
2020-07-27,KZN,24350,3099,0.216,0.027
2020-07-28,KZN,27682,3332,0.245,0.03
2020-07-29,KZN,32483,4801,0.288,0.043
2020-07-30,KZN,32483,0,0.288,0.0
2020-07-31,KZN,35113,2630,0.311,0.023
2020-08-01,KZN,36358,1245,0.322,0.011
2020-08-02,KZN,37127,769,0.329,0.007
2020-08-03,KZN,44266,7139,0.392,0.063
2020-08-04,KZN,44664,398,0.396,0.004
2020-08-05,KZN,51857,7193,0.459,0.064
2020-08-06,KZN,53444,1587,0.473,0.014
2020-08-07,KZN,53509,65,0.474,0.001
2020-08-08,KZN,54161,652,0.48,0.006
2020-08-09,KZN,55065,904,0.488,0.008
2020-08-10,KZN,55155,90,0.489,0.001
2020-08-11,KZN,56758,1603,0.503,0.014
2020-08-12,KZN,56758,0,0.503,0.0
2020-08-13,KZN,57525,767,0.51,0.007
2020-08-14,KZN,77301,19776,0.685,0.175
2020-08-15,KZN,77838,537,0.689,0.005
2020-08-16,KZN,78909,1071,0.699,0.009
2020-08-17,KZN,79955,1046,0.708,0.009
2020-08-18,KZN,80684,729,0.715,0.006
2020-08-19,KZN,82599,1915,0.732,0.017
2020-08-20,KZN,83094,495,0.736,0.004
2020-08-21,KZN,83482,388,0.739,0.003
2020-08-22,KZN,84530,1048,0.749,0.009
2020-08-23,KZN,85055,525,0.753,0.005
2020-08-24,KZN,92342,7287,0.818,0.065
2020-08-25,KZN,93019,677,0.824,0.006
2020-08-26,KZN,93814,795,0.831,0.007
2020-08-27,KZN,94680,866,0.839,0.008
2020-08-28,KZN,95011,331,0.842,0.003
2020-08-29,KZN,95432,421,0.845,0.004
2020-08-30,KZN,95653,221,0.847,0.002
2020-08-31,KZN,95993,340,0.85,0.003
2020-09-01,KZN,100384,4391,0.889,0.039
2020-09-02,KZN,100605,221,0.891,0.002
2020-09-03,KZN,100766,161,0.893,0.001
2020-09-04,KZN,101034,268,0.895,0.002
2020-09-05,KZN,101797,763,0.902,0.007
2020-09-06,KZN,101989,192,0.903,0.002
2020-09-07,KZN,102318,329,0.906,0.003
2020-09-08,KZN,102474,156,0.908,0.001
2020-09-09,KZN,103437,963,0.916,0.009
2020-09-10,KZN,105394,1957,0.934,0.017
2020-09-11,KZN,105530,136,0.935,0.001
2020-09-12,KZN,106344,814,0.942,0.007
2020-09-13,KZN,106399,55,0.942,0.0
2020-09-14,KZN,106540,141,0.944,0.001
2020-09-15,KZN,107149,609,0.949,0.005
2020-09-16,KZN,107282,133,0.95,0.001
2020-09-17,KZN,107732,450,0.954,0.004
2020-09-18,KZN,107777,45,0.955,0.0
2020-09-19,KZN,107949,172,0.956,0.002
2020-09-20,KZN,108004,55,0.957,0.0
2020-09-21,KZN,108063,59,0.957,0.001
2020-09-22,KZN,108684,621,0.963,0.006
2020-09-23,KZN,108839,155,0.964,0.001
2020-09-24,KZN,108966,127,0.965,0.001
2020-09-25,KZN,108993,27,0.965,0.0
2020-09-26,KZN,109604,611,0.971,0.005
2020-09-27,KZN,109960,356,0.974,0.003
2020-09-28,KZN,109960,0,0.974,0.0
2020-09-29,KZN,110468,508,0.979,0.004
2020-09-30,KZN,110499,31,0.979,0.0
2020-10-01,KZN,110635,136,0.98,0.001
2020-10-02,KZN,110673,38,0.98,0.0
2020-10-03,KZN,110889,216,0.982,0.002
2020-10-04,KZN,110916,27,0.983,0.0
2020-10-05,KZN,110938,22,0.983,0.0
2020-10-06,KZN,111284,346,0.986,0.003
2020-10-07,KZN,111318,34,0.986,0.0
2020-10-08,KZN,111403,85,0.987,0.001
2020-10-09,KZN,111509,106,0.988,0.001
2020-10-10,KZN,111585,76,0.988,0.001
2020-10-11,KZN,111708,123,0.99,0.001
2020-10-12,KZN,111743,35,0.99,0.0
2020-10-13,KZN,111831,88,0.991,0.001
2020-10-14,KZN,111921,90,0.991,0.001
2020-10-15,KZN,111953,32,0.992,0.0
2020-10-16,KZN,111999,46,0.992,0.0
2020-10-17,KZN,112064,65,0.993,0.001
2020-10-18,KZN,112122,58,0.993,0.001
2020-10-19,KZN,112205,83,0.994,0.001
2020-10-20,KZN,112236,31,0.994,0.0
2020-10-21,KZN,112296,60,0.995,0.001
2020-10-22,KZN,112420,124,0.996,0.001
2020-10-23,KZN,112455,35,0.996,0.0
2020-10-24,KZN,112459,4,0.996,0.0
2020-10-25,KZN,112468,9,0.996,0.0
2020-10-26,KZN,112468,0,0.996,0.0
2020-10-27,KZN,112591,123,0.997,0.001
2020-10-28,KZN,112643,52,0.998,0.0
2020-10-29,KZN,112772,129,0.999,0.001
2020-10-30,KZN,112840,68,1.0,0.001
2020-10-31,KZN,112869,29,1.0,0.0
2020-11-01,KZN,112920,51,1.0,0.0
2020-11-02,KZN,113001,81,1.001,0.001
2020-11-03,KZN,113036,35,1.001,0.0
2020-11-04,KZN,113203,167,1.003,0.001
2020-11-05,KZN,113231,28,1.003,0.0
2020-11-06,KZN,115226,1995,1.021,0.018
2020-11-07,KZN,115281,55,1.021,0.0
2020-11-08,KZN,115344,63,1.022,0.001
2020-11-09,KZN,115352,8,1.022,0.0
2020-11-10,KZN,115544,192,1.024,0.002
2020-11-11,KZN,115555,11,1.024,0.0
2020-11-12,KZN,116187,632,1.029,0.006
2020-11-13,KZN,116331,144,1.03,0.001
2020-11-14,KZN,116351,20,1.031,0.0
2020-11-15,KZN,116351,0,1.031,0.0
2020-11-16,KZN,116497,146,1.032,0.001
2020-11-17,KZN,116518,21,1.032,0.0
2020-11-18,KZN,116536,18,1.032,0.0
2020-11-19,KZN,116558,22,1.032,0.0
2020-11-20,KZN,116558,0,1.032,0.0
2020-11-21,KZN,116571,13,1.033,0.0
2020-11-22,KZN,116591,20,1.033,0.0
2020-11-23,KZN,117238,647,1.039,0.006
2020-11-24,KZN,117326,88,1.039,0.001
2020-11-25,KZN,117326,0,1.039,0.0
2020-11-26,KZN,117326,0,1.039,0.0
2020-11-27,KZN,117405,79,1.04,0.001
2020-11-28,KZN,117461,56,1.04,0.0
2020-11-29,KZN,117954,493,1.045,0.004
2020-11-30,KZN,117968,14,1.045,0.0
2020-12-01,KZN,118312,344,1.048,0.003
2020-12-02,KZN,118355,43,1.048,0.0
2020-12-03,KZN,118509,154,1.05,0.001
2020-12-04,KZN,118589,80,1.05,0.001
2020-12-05,KZN,118671,82,1.051,0.001
2020-12-06,KZN,118877,206,1.053,0.002
2020-12-07,KZN,119138,261,1.055,0.002
2020-12-08,KZN,119413,275,1.058,0.002
2020-12-09,KZN,119616,203,1.06,0.002
2020-12-10,KZN,119776,160,1.061,0.001
2020-12-11,KZN,119979,203,1.063,0.002
2020-12-12,KZN,120176,197,1.065,0.002
2020-12-13,KZN,120207,31,1.065,0.0
2020-12-14,KZN,120242,35,1.065,0.0
2020-12-15,KZN,120362,120,1.066,0.001
2020-12-16,KZN,121746,1384,1.078,0.012
2020-12-17,KZN,121839,93,1.079,0.001
2020-12-18,KZN,122891,1052,1.089,0.009
2020-12-19,KZN,123469,578,1.094,0.005
2020-12-20,KZN,124262,793,1.101,0.007
2020-12-21,KZN,124620,358,1.104,0.003
2020-12-22,KZN,127429,2809,1.129,0.025
2020-12-23,KZN,128999,1570,1.143,0.014
2020-12-24,KZN,129458,459,1.147,0.004
2020-12-25,KZN,132033,2575,1.17,0.023
2020-12-26,KZN,132638,605,1.175,0.005
2020-12-27,KZN,132972,334,1.178,0.003
2020-12-28,KZN,133286,314,1.181,0.003
2020-12-29,KZN,134615,1329,1.192,0.012
2020-12-30,KZN,135370,755,1.199,0.007
2020-12-31,KZN,143524,8154,1.271,0.072
2021-01-01,KZN,144549,1025,1.28,0.009
2021-01-02,KZN,144779,230,1.282,0.002
2021-01-03,KZN,145141,362,1.286,0.003
2021-01-04,KZN,145819,678,1.292,0.006
2021-01-05,KZN,147504,1685,1.307,0.015
2021-01-06,KZN,148420,916,1.315,0.008
2020-04-17,LP,18,18,0.0,0.0
2020-04-18,LP,18,0,0.0,0.0
2020-04-19,LP,18,0,0.0,0.0
2020-04-20,LP,21,3,0.0,0.0
2020-04-21,LP,21,0,0.0,0.0
2020-04-22,LP,21,0,0.0,0.0
2020-04-23,LP,24,3,0.0,0.0
2020-04-24,LP,24,0,0.0,0.0
2020-04-25,LP,24,0,0.0,0.0
2020-04-26,LP,24,0,0.0,0.0
2020-04-27,LP,24,0,0.0,0.0
2020-04-28,LP,24,0,0.0,0.0
2020-04-29,LP,24,0,0.0,0.0
2020-04-30,LP,24,0,0.0,0.0
2020-05-01,LP,24,0,0.0,0.0
2020-05-02,LP,25,1,0.0,0.0
2020-05-03,LP,25,0,0.0,0.0
2020-05-04,LP,27,2,0.0,0.0
2020-05-05,LP,27,0,0.0,0.0
2020-05-06,LP,27,0,0.0,0.0
2020-05-07,LP,27,0,0.0,0.0
2020-05-08,LP,27,0,0.0,0.0
2020-05-09,LP,27,0,0.0,0.0
2020-05-10,LP,28,1,0.0,0.0
2020-05-11,LP,28,0,0.0,0.0
2020-05-12,LP,28,0,0.0,0.0
2020-05-13,LP,30,2,0.001,0.0
2020-05-14,LP,35,5,0.001,0.0
2020-05-15,LP,36,1,0.001,0.0
2020-05-16,LP,37,1,0.001,0.0
2020-05-17,LP,37,0,0.001,0.0
2020-05-18,LP,37,0,0.001,0.0
2020-05-19,LP,39,2,0.001,0.0
2020-05-20,LP,42,3,0.001,0.0
2020-05-21,LP,42,0,0.001,0.0
2020-05-22,LP,51,9,0.001,0.0
2020-05-23,LP,51,0,0.001,0.0
2020-05-24,LP,53,2,0.001,0.0
2020-05-25,LP,55,2,0.001,0.0
2020-05-26,LP,65,10,0.001,0.0
2020-05-27,LP,67,2,0.001,0.0
2020-05-28,LP,75,8,0.001,0.0
2020-05-29,LP,97,22,0.002,0.0
2020-05-30,LP,140,43,0.002,0.001
2020-05-31,LP,143,3,0.002,0.0
2020-06-01,LP,144,1,0.002,0.0
2020-06-02,LP,145,1,0.002,0.0
2020-06-03,LP,145,0,0.002,0.0
2020-06-04,LP,146,1,0.002,0.0
2020-06-05,LP,149,3,0.002,0.0
2020-06-06,LP,158,9,0.003,0.0
2020-06-07,LP,158,0,0.003,0.0
2020-06-08,LP,158,0,0.003,0.0
2020-06-09,LP,158,0,0.003,0.0
2020-06-10,LP,175,17,0.003,0.0
2020-06-11,LP,175,0,0.003,0.0
2020-06-12,LP,175,0,0.003,0.0
2020-06-13,LP,185,10,0.003,0.0
2020-06-14,LP,185,0,0.003,0.0
2020-06-15,LP,199,14,0.003,0.0
2020-06-16,LP,213,14,0.004,0.0
2020-06-17,LP,218,5,0.004,0.0
2020-06-18,LP,229,11,0.004,0.0
2020-06-19,LP,236,7,0.004,0.0
2020-06-20,LP,236,0,0.004,0.0
2020-06-21,LP,246,10,0.004,0.0
2020-06-22,LP,257,11,0.004,0.0
2020-06-23,LP,270,13,0.005,0.0
2020-06-24,LP,303,33,0.005,0.001
2020-06-25,LP,329,26,0.005,0.0
2020-06-26,LP,348,19,0.006,0.0
2020-06-27,LP,387,39,0.006,0.001
2020-06-28,LP,413,26,0.007,0.0
2020-06-29,LP,434,21,0.007,0.0
2020-06-30,LP,520,86,0.009,0.001
2020-07-01,LP,520,0,0.009,0.0
2020-07-02,LP,570,50,0.01,0.001
2020-07-03,LP,594,24,0.01,0.0
2020-07-04,LP,594,0,0.01,0.0
2020-07-05,LP,635,41,0.011,0.001
2020-07-06,LP,653,18,0.011,0.0
2020-07-07,LP,665,12,0.011,0.0
2020-07-08,LP,665,0,0.011,0.0
2020-07-09,LP,665,0,0.011,0.0
2020-07-10,LP,665,0,0.011,0.0
2020-07-11,LP,991,326,0.017,0.005
2020-07-12,LP,1147,156,0.019,0.003
2020-07-13,LP,1147,0,0.019,0.0
2020-07-14,LP,1147,0,0.019,0.0
2020-07-15,LP,1492,345,0.025,0.006
2020-07-16,LP,1492,0,0.025,0.0
2020-07-17,LP,1685,193,0.028,0.003
2020-07-18,LP,1867,182,0.031,0.003
2020-07-19,LP,2042,175,0.034,0.003
2020-07-20,LP,2144,102,0.036,0.002
2020-07-21,LP,2518,374,0.042,0.006
2020-07-22,LP,2518,0,0.042,0.0
2020-07-23,LP,2781,263,0.046,0.004
2020-07-24,LP,3022,241,0.051,0.004
2020-07-25,LP,3243,221,0.054,0.004
2020-07-26,LP,3466,223,0.058,0.004
2020-07-27,LP,3565,99,0.06,0.002
2020-07-28,LP,3565,0,0.06,0.0
2020-07-29,LP,3637,72,0.061,0.001
2020-07-30,LP,4700,1063,0.079,0.018
2020-07-31,LP,5044,344,0.084,0.006
2020-08-01,LP,5044,0,0.084,0.0
2020-08-02,LP,5512,468,0.092,0.008
2020-08-03,LP,5524,12,0.092,0.0
2020-08-04,LP,5524,0,0.092,0.0
2020-08-05,LP,5620,96,0.094,0.002
2020-08-06,LP,6876,1256,0.115,0.021
2020-08-07,LP,6876,0,0.115,0.0
2020-08-08,LP,7813,937,0.131,0.016
2020-08-09,LP,7813,0,0.131,0.0
2020-08-10,LP,8207,394,0.137,0.007
2020-08-11,LP,8207,0,0.137,0.0
2020-08-12,LP,8901,694,0.149,0.012
2020-08-13,LP,9782,881,0.164,0.015
2020-08-14,LP,9937,155,0.166,0.003
2020-08-15,LP,10039,102,0.168,0.002
2020-08-16,LP,10281,242,0.172,0.004
2020-08-17,LP,10281,0,0.172,0.0
2020-08-18,LP,10281,0,0.172,0.0
2020-08-19,LP,10281,0,0.172,0.0
2020-08-20,LP,10526,245,0.176,0.004
2020-08-21,LP,10536,10,0.176,0.0
2020-08-22,LP,10559,23,0.176,0.0
2020-08-23,LP,10593,34,0.177,0.001
2020-08-24,LP,10661,68,0.178,0.001
2020-08-25,LP,11488,827,0.192,0.014
2020-08-26,LP,11580,92,0.194,0.002
2020-08-27,LP,11639,59,0.195,0.001
2020-08-28,LP,11832,193,0.198,0.003
2020-08-29,LP,11961,129,0.2,0.002
2020-08-30,LP,12103,142,0.202,0.002
2020-08-31,LP,12398,295,0.207,0.005
2020-09-01,LP,12486,88,0.209,0.001
2020-09-02,LP,12486,0,0.209,0.0
2020-09-03,LP,12647,161,0.211,0.003
2020-09-04,LP,12647,0,0.211,0.0
2020-09-05,LP,12702,55,0.212,0.001
2020-09-06,LP,12782,80,0.214,0.001
2020-09-07,LP,12874,92,0.215,0.002
2020-09-08,LP,12952,78,0.216,0.001
2020-09-09,LP,12989,37,0.217,0.001
2020-09-10,LP,13125,136,0.219,0.002
2020-09-11,LP,13141,16,0.22,0.0
2020-09-12,LP,13243,102,0.221,0.002
2020-09-13,LP,13313,70,0.223,0.001
2020-09-14,LP,13313,0,0.223,0.0
2020-09-15,LP,13413,100,0.224,0.002
2020-09-16,LP,13413,0,0.224,0.0
2020-09-17,LP,13511,98,0.226,0.002
2020-09-18,LP,13572,61,0.227,0.001
2020-09-19,LP,13630,58,0.228,0.001
2020-09-20,LP,13630,0,0.228,0.0
2020-09-21,LP,13756,126,0.23,0.002
2020-09-22,LP,13756,0,0.23,0.0
2020-09-23,LP,13790,34,0.231,0.001
2020-09-24,LP,13952,162,0.233,0.003
2020-09-25,LP,14050,98,0.235,0.002
2020-09-26,LP,14054,4,0.235,0.0
2020-09-27,LP,14235,181,0.238,0.003
2020-09-28,LP,14290,55,0.239,0.001
2020-09-29,LP,14326,36,0.239,0.001
2020-09-30,LP,14342,16,0.24,0.0
2020-10-01,LP,14493,151,0.242,0.003
2020-10-02,LP,14592,99,0.244,0.002
2020-10-03,LP,14592,0,0.244,0.0
2020-10-04,LP,14678,86,0.245,0.001
2020-10-05,LP,14717,39,0.246,0.001
2020-10-06,LP,14841,124,0.248,0.002
2020-10-07,LP,14861,20,0.248,0.0
2020-10-08,LP,14987,126,0.251,0.002
2020-10-09,LP,15093,106,0.252,0.002
2020-10-10,LP,15093,0,0.252,0.0
2020-10-11,LP,15261,168,0.255,0.003
2020-10-12,LP,15326,65,0.256,0.001
2020-10-13,LP,15326,0,0.256,0.0
2020-10-14,LP,15383,57,0.257,0.001
2020-10-15,LP,15514,131,0.259,0.002
2020-10-16,LP,15609,95,0.261,0.002
2020-10-17,LP,15690,81,0.262,0.001
2020-10-18,LP,15759,69,0.263,0.001
2020-10-19,LP,15759,0,0.263,0.0
2020-10-20,LP,15759,0,0.263,0.0
2020-10-21,LP,15890,131,0.266,0.002
2020-10-22,LP,15991,101,0.267,0.002
2020-10-23,LP,15991,0,0.267,0.0
2020-10-24,LP,16151,160,0.27,0.003
2020-10-25,LP,16218,67,0.271,0.001
2020-10-26,LP,16218,0,0.271,0.0
2020-10-27,LP,16218,0,0.271,0.0
2020-10-28,LP,16218,0,0.271,0.0
2020-10-29,LP,16218,0,0.271,0.0
2020-10-30,LP,16520,302,0.276,0.005
2020-10-31,LP,16588,68,0.277,0.001
2020-11-01,LP,16588,0,0.277,0.0
2020-11-02,LP,16663,75,0.279,0.001
2020-11-03,LP,16663,0,0.279,0.0
2020-11-04,LP,16762,99,0.28,0.002
2020-11-05,LP,16762,0,0.28,0.0
2020-11-06,LP,16884,122,0.282,0.002
2020-11-07,LP,16951,67,0.283,0.001
2020-11-08,LP,17009,58,0.284,0.001
2020-11-09,LP,17055,46,0.285,0.001
2020-11-10,LP,17074,19,0.285,0.0
2020-11-11,LP,17074,0,0.285,0.0
2020-11-12,LP,17074,0,0.285,0.0
2020-11-13,LP,17175,101,0.287,0.002
2020-11-14,LP,17274,99,0.289,0.002
2020-11-15,LP,17283,9,0.289,0.0
2020-11-16,LP,17369,86,0.29,0.001
2020-11-17,LP,17382,13,0.291,0.0
2020-11-18,LP,17387,5,0.291,0.0
2020-11-19,LP,17387,0,0.291,0.0
2020-11-20,LP,17496,109,0.292,0.002
2020-11-21,LP,17496,0,0.292,0.0
2020-11-22,LP,17579,83,0.294,0.001
2020-11-23,LP,17620,41,0.295,0.001
2020-11-24,LP,17637,17,0.295,0.0
2020-11-25,LP,17637,0,0.295,0.0
2020-11-26,LP,17637,0,0.295,0.0
2020-11-27,LP,17696,59,0.296,0.001
2020-11-28,LP,17696,0,0.296,0.0
2020-11-29,LP,17730,34,0.296,0.001
2020-11-30,LP,17780,50,0.297,0.001
2020-12-01,LP,17786,6,0.297,0.0
2020-12-02,LP,17789,3,0.297,0.0
2020-12-03,LP,17791,2,0.297,0.0
2020-12-04,LP,17862,71,0.299,0.001
2020-12-05,LP,17890,28,0.299,0.0
2020-12-06,LP,17890,0,0.299,0.0
2020-12-07,LP,17949,59,0.3,0.001
2020-12-08,LP,17963,14,0.3,0.0
2020-12-09,LP,17976,13,0.3,0.0
2020-12-10,LP,18041,65,0.302,0.001
2020-12-11,LP,18085,44,0.302,0.001
2020-12-12,LP,18122,37,0.303,0.001
2020-12-13,LP,18158,36,0.304,0.001
2020-12-14,LP,18198,40,0.304,0.001
2020-12-15,LP,18210,12,0.304,0.0
2020-12-16,LP,18210,0,0.304,0.0
2020-12-17,LP,18298,88,0.306,0.001
2020-12-18,LP,18359,61,0.307,0.001
2020-12-19,LP,18452,93,0.308,0.002
2020-12-20,LP,18545,93,0.31,0.002
2020-12-21,LP,18635,90,0.311,0.002
2020-12-22,LP,18694,59,0.312,0.001
2020-12-23,LP,18732,38,0.313,0.001
2020-12-24,LP,18775,43,0.314,0.001
2020-12-25,LP,19084,309,0.319,0.005
2020-12-26,LP,19136,52,0.32,0.001
2020-12-27,LP,19385,249,0.324,0.004
2020-12-28,LP,19607,222,0.328,0.004
2020-12-29,LP,19714,107,0.33,0.002
2020-12-30,LP,19837,123,0.332,0.002
2020-12-31,LP,19837,0,0.332,0.0
2021-01-01,LP,20865,1028,0.349,0.017
2021-01-02,LP,21351,486,0.357,0.008
2021-01-03,LP,21842,491,0.365,0.008
2021-01-04,LP,22035,193,0.368,0.003
2021-01-05,LP,22322,287,0.373,0.005
2021-01-06,LP,22612,290,0.378,0.005
2020-04-17,MP,9,9,0.0,0.0
2020-04-18,MP,9,0,0.0,0.0
2020-04-19,MP,9,0,0.0,0.0
2020-04-20,MP,14,5,0.0,0.0
2020-04-21,MP,14,0,0.0,0.0
2020-04-22,MP,14,0,0.0,0.0
2020-04-23,MP,15,1,0.0,0.0
2020-04-24,MP,15,0,0.0,0.0
2020-04-25,MP,15,0,0.0,0.0
2020-04-26,MP,15,0,0.0,0.0
2020-04-27,MP,15,0,0.0,0.0
2020-04-28,MP,15,0,0.0,0.0
2020-04-29,MP,15,0,0.0,0.0
2020-04-30,MP,15,0,0.0,0.0
2020-05-01,MP,15,0,0.0,0.0
2020-05-02,MP,18,3,0.0,0.0
2020-05-03,MP,18,0,0.0,0.0
2020-05-04,MP,22,4,0.0,0.0
2020-05-05,MP,22,0,0.0,0.0
2020-05-06,MP,22,0,0.0,0.0
2020-05-07,MP,22,0,0.0,0.0
2020-05-08,MP,22,0,0.0,0.0
2020-05-09,MP,22,0,0.0,0.0
2020-05-10,MP,22,0,0.0,0.0
2020-05-11,MP,22,0,0.0,0.0
2020-05-12,MP,22,0,0.0,0.0
2020-05-13,MP,24,2,0.001,0.0
2020-05-14,MP,34,10,0.001,0.0
2020-05-15,MP,44,10,0.001,0.0
2020-05-16,MP,49,5,0.001,0.0
2020-05-17,MP,49,0,0.001,0.0
2020-05-18,MP,53,4,0.001,0.0
2020-05-19,MP,57,4,0.001,0.0
2020-05-20,MP,58,1,0.001,0.0
2020-05-21,MP,58,0,0.001,0.0
2020-05-22,MP,58,0,0.001,0.0
2020-05-23,MP,58,0,0.001,0.0
2020-05-24,MP,58,0,0.001,0.0
2020-05-25,MP,61,3,0.001,0.0
2020-05-26,MP,61,0,0.001,0.0
2020-05-27,MP,62,1,0.001,0.0
2020-05-28,MP,67,5,0.001,0.0
2020-05-29,MP,67,0,0.001,0.0
2020-05-30,MP,67,0,0.001,0.0
2020-05-31,MP,72,5,0.002,0.0
2020-06-01,MP,86,14,0.002,0.0
2020-06-02,MP,86,0,0.002,0.0
2020-06-03,MP,86,0,0.002,0.0
2020-06-04,MP,86,0,0.002,0.0
2020-06-05,MP,94,8,0.002,0.0
2020-06-06,MP,94,0,0.002,0.0
2020-06-07,MP,102,8,0.002,0.0
2020-06-08,MP,102,0,0.002,0.0
2020-06-09,MP,111,9,0.002,0.0
2020-06-10,MP,116,5,0.003,0.0
2020-06-11,MP,116,0,0.003,0.0
2020-06-12,MP,116,0,0.003,0.0
2020-06-13,MP,116,0,0.003,0.0
2020-06-14,MP,132,16,0.003,0.0
2020-06-15,MP,138,6,0.003,0.0
2020-06-16,MP,138,0,0.003,0.0
2020-06-17,MP,146,8,0.003,0.0
2020-06-18,MP,156,10,0.003,0.0
2020-06-19,MP,156,0,0.003,0.0
2020-06-20,MP,156,0,0.003,0.0
2020-06-21,MP,176,20,0.004,0.0
2020-06-22,MP,181,5,0.004,0.0
2020-06-23,MP,181,0,0.004,0.0
2020-06-24,MP,199,18,0.004,0.0
2020-06-25,MP,207,8,0.005,0.0
2020-06-26,MP,239,32,0.005,0.001
2020-06-27,MP,239,0,0.005,0.0
2020-06-28,MP,337,98,0.007,0.002
2020-06-29,MP,376,39,0.008,0.001
2020-06-30,MP,464,88,0.01,0.002
2020-07-01,MP,487,23,0.011,0.001
2020-07-02,MP,520,33,0.011,0.001
2020-07-03,MP,585,65,0.013,0.001
2020-07-04,MP,621,36,0.014,0.001
2020-07-05,MP,621,0,0.014,0.0
2020-07-06,MP,651,30,0.014,0.001
2020-07-07,MP,668,17,0.015,0.0
2020-07-08,MP,668,0,0.015,0.0
2020-07-09,MP,779,111,0.017,0.002
2020-07-10,MP,779,0,0.017,0.0
2020-07-11,MP,910,131,0.02,0.003
2020-07-12,MP,910,0,0.02,0.0
2020-07-13,MP,910,0,0.02,0.0
2020-07-14,MP,1179,269,0.026,0.006
2020-07-15,MP,1300,121,0.028,0.003
2020-07-16,MP,1464,164,0.032,0.004
2020-07-17,MP,1597,133,0.035,0.003
2020-07-18,MP,1793,196,0.039,0.004
2020-07-19,MP,1958,165,0.043,0.004
2020-07-20,MP,2159,201,0.047,0.004
2020-07-21,MP,2348,189,0.051,0.004
2020-07-22,MP,3435,1087,0.075,0.024
2020-07-23,MP,4018,583,0.087,0.013
2020-07-24,MP,4403,385,0.096,0.008
2020-07-25,MP,4995,592,0.109,0.013
2020-07-26,MP,4995,0,0.109,0.0
2020-07-27,MP,5494,499,0.12,0.011
2020-07-28,MP,5812,318,0.127,0.007
2020-07-29,MP,6393,581,0.139,0.013
2020-07-30,MP,6854,461,0.149,0.01
2020-07-31,MP,6854,0,0.149,0.0
2020-08-01,MP,8124,1270,0.177,0.028
2020-08-02,MP,8674,550,0.189,0.012
2020-08-03,MP,8674,0,0.189,0.0
2020-08-04,MP,10736,2062,0.234,0.045
2020-08-05,MP,11632,896,0.253,0.02
2020-08-06,MP,12290,658,0.268,0.014
2020-08-07,MP,13322,1032,0.29,0.022
2020-08-08,MP,14257,935,0.31,0.02
2020-08-09,MP,14592,335,0.318,0.007
2020-08-10,MP,15833,1241,0.345,0.027
2020-08-11,MP,16416,583,0.357,0.013
2020-08-12,MP,16658,242,0.363,0.005
2020-08-13,MP,16794,136,0.366,0.003
2020-08-14,MP,17404,610,0.379,0.013
2020-08-15,MP,17969,565,0.391,0.012
2020-08-16,MP,18430,461,0.401,0.01
2020-08-17,MP,18661,231,0.406,0.005
2020-08-18,MP,19252,591,0.419,0.013
2020-08-19,MP,19436,184,0.423,0.004
2020-08-20,MP,19530,94,0.425,0.002
2020-08-21,MP,19649,119,0.428,0.003
2020-08-22,MP,20254,605,0.441,0.013
2020-08-23,MP,20707,453,0.451,0.01
2020-08-24,MP,21049,342,0.458,0.007
2020-08-25,MP,21370,321,0.465,0.007
2020-08-26,MP,21370,0,0.465,0.0
2020-08-27,MP,21591,221,0.47,0.005
2020-08-28,MP,21994,403,0.479,0.009
2020-08-29,MP,22291,297,0.485,0.006
2020-08-30,MP,22563,272,0.491,0.006
2020-08-31,MP,22738,175,0.495,0.004
2020-09-01,MP,22939,201,0.5,0.004
2020-09-02,MP,23004,65,0.501,0.001
2020-09-03,MP,23046,42,0.502,0.001
2020-09-04,MP,23315,269,0.508,0.006
2020-09-05,MP,23475,160,0.511,0.003
2020-09-06,MP,23610,135,0.514,0.003
2020-09-07,MP,23766,156,0.518,0.003
2020-09-08,MP,23917,151,0.521,0.003
2020-09-09,MP,23917,0,0.521,0.0
2020-09-10,MP,23996,79,0.523,0.002
2020-09-11,MP,24167,171,0.526,0.004
2020-09-12,MP,24289,122,0.529,0.003
2020-09-13,MP,24401,112,0.531,0.002
2020-09-14,MP,24469,68,0.533,0.001
2020-09-15,MP,24597,128,0.536,0.003
2020-09-16,MP,24653,56,0.537,0.001
2020-09-17,MP,24675,22,0.537,0.0
2020-09-18,MP,24813,138,0.54,0.003
2020-09-19,MP,24854,41,0.541,0.001
2020-09-20,MP,25049,195,0.545,0.004
2020-09-21,MP,25156,107,0.548,0.002
2020-09-22,MP,25281,125,0.551,0.003
2020-09-23,MP,25317,36,0.551,0.001
2020-09-24,MP,25338,21,0.552,0.0
2020-09-25,MP,25479,141,0.555,0.003
2020-09-26,MP,25615,136,0.558,0.003
2020-09-27,MP,25800,185,0.562,0.004
2020-09-28,MP,26024,224,0.567,0.005
2020-09-29,MP,25971,-53,0.566,-0.001
2020-09-30,MP,26019,48,0.567,0.001
2020-10-01,MP,26022,3,0.567,0.0
2020-10-02,MP,26160,138,0.57,0.003
2020-10-03,MP,26273,113,0.572,0.002
2020-10-04,MP,26374,101,0.574,0.002
2020-10-05,MP,26398,24,0.575,0.001
2020-10-06,MP,26492,94,0.577,0.002
2020-10-07,MP,26525,33,0.578,0.001
2020-10-08,MP,26554,29,0.578,0.001
2020-10-09,MP,26554,0,0.578,0.0
2020-10-10,MP,26801,247,0.584,0.005
2020-10-11,MP,26882,81,0.585,0.002
2020-10-12,MP,26996,114,0.588,0.002
2020-10-13,MP,27040,44,0.589,0.001
2020-10-14,MP,27040,0,0.589,0.0
2020-10-15,MP,27098,58,0.59,0.001
2020-10-16,MP,27223,125,0.593,0.003
2020-10-17,MP,27338,115,0.595,0.003
2020-10-18,MP,27416,78,0.597,0.002
2020-10-19,MP,27534,118,0.6,0.003
2020-10-20,MP,27633,99,0.602,0.002
2020-10-21,MP,27664,31,0.602,0.001
2020-10-22,MP,27684,20,0.603,0.0
2020-10-23,MP,27833,149,0.606,0.003
2020-10-24,MP,27942,109,0.608,0.002
2020-10-25,MP,28056,114,0.611,0.002
2020-10-26,MP,28161,105,0.613,0.002
2020-10-27,MP,28245,84,0.615,0.002
2020-10-28,MP,28245,0,0.615,0.0
2020-10-29,MP,28324,79,0.617,0.002
2020-10-30,MP,28463,139,0.62,0.003
2020-10-31,MP,28559,96,0.622,0.002
2020-11-01,MP,28559,0,0.622,0.0
2020-11-02,MP,28719,160,0.625,0.003
2020-11-03,MP,28719,0,0.625,0.0
2020-11-04,MP,28816,97,0.628,0.002
2020-11-05,MP,28841,25,0.628,0.001
2020-11-06,MP,28947,106,0.63,0.002
2020-11-07,MP,29018,71,0.632,0.002
2020-11-08,MP,29083,65,0.633,0.001
2020-11-09,MP,29215,132,0.636,0.003
2020-11-10,MP,29215,0,0.636,0.0
2020-11-11,MP,29292,77,0.638,0.002
2020-11-12,MP,29312,20,0.638,0.0
2020-11-13,MP,29442,130,0.641,0.003
2020-11-14,MP,29513,71,0.643,0.002
2020-11-15,MP,29593,80,0.644,0.002
2020-11-16,MP,29665,72,0.646,0.002
2020-11-17,MP,29747,82,0.648,0.002
2020-11-18,MP,29772,25,0.648,0.001
2020-11-19,MP,29797,25,0.649,0.001
2020-11-20,MP,29882,85,0.651,0.002
2020-11-21,MP,29937,55,0.652,0.001
2020-11-22,MP,30026,89,0.654,0.002
2020-11-23,MP,30088,62,0.655,0.001
2020-11-24,MP,30134,46,0.656,0.001
2020-11-25,MP,30134,0,0.656,0.0
2020-11-26,MP,30134,0,0.656,0.0
2020-11-27,MP,30234,100,0.658,0.002
2020-11-28,MP,30291,57,0.66,0.001
2020-11-29,MP,30291,0,0.66,0.0
2020-11-30,MP,30421,130,0.662,0.003
2020-12-01,MP,30474,53,0.664,0.001
2020-12-02,MP,30474,0,0.664,0.0
2020-12-03,MP,30521,47,0.665,0.001
2020-12-04,MP,30575,54,0.666,0.001
2020-12-05,MP,30575,0,0.666,0.0
2020-12-06,MP,30575,0,0.666,0.0
2020-12-07,MP,30706,131,0.669,0.003
2020-12-08,MP,30802,96,0.671,0.002
2020-12-09,MP,30820,18,0.671,0.0
2020-12-10,MP,30831,11,0.671,0.0
2020-12-11,MP,30868,37,0.672,0.001
2020-12-12,MP,30946,78,0.674,0.002
2020-12-13,MP,31007,61,0.675,0.001
2020-12-14,MP,31076,69,0.677,0.002
2020-12-15,MP,31144,68,0.678,0.001
2020-12-16,MP,31172,28,0.679,0.001
2020-12-17,MP,31193,21,0.679,0.0
2020-12-18,MP,31294,101,0.681,0.002
2020-12-19,MP,31381,87,0.683,0.002
2020-12-20,MP,31504,123,0.686,0.003
2020-12-21,MP,31597,93,0.688,0.002
2020-12-22,MP,31693,96,0.69,0.002
2020-12-23,MP,31693,0,0.69,0.0
2020-12-24,MP,31779,86,0.692,0.002
2020-12-25,MP,31938,159,0.695,0.003
2020-12-26,MP,32126,188,0.7,0.004
2020-12-27,MP,32181,55,0.701,0.001
2020-12-28,MP,32425,244,0.706,0.005
2020-12-29,MP,32602,177,0.71,0.004
2020-12-30,MP,32726,124,0.713,0.003
2020-12-31,MP,32859,133,0.716,0.003
2021-01-01,MP,33292,433,0.725,0.009
2021-01-02,MP,33665,373,0.733,0.008
2021-01-03,MP,34047,382,0.741,0.008
2021-01-04,MP,34338,291,0.748,0.006
2021-01-05,MP,34450,112,0.75,0.002
2021-01-06,MP,34646,196,0.754,0.004
2020-04-17,NC,10,10,0.001,0.001
2020-04-18,NC,10,0,0.001,0.0
2020-04-19,NC,10,0,0.001,0.0
2020-04-20,NC,13,3,0.001,0.0
2020-04-21,NC,13,0,0.001,0.0
2020-04-22,NC,13,0,0.001,0.0
2020-04-23,NC,13,0,0.001,0.0
2020-04-24,NC,13,0,0.001,0.0
2020-04-25,NC,13,0,0.001,0.0
2020-04-26,NC,13,0,0.001,0.0
2020-04-27,NC,13,0,0.001,0.0
2020-04-28,NC,13,0,0.001,0.0
2020-04-29,NC,13,0,0.001,0.0
2020-04-30,NC,13,0,0.001,0.0
2020-05-01,NC,13,0,0.001,0.0
2020-05-02,NC,20,7,0.002,0.001
2020-05-03,NC,20,0,0.002,0.0
2020-05-04,NC,20,0,0.002,0.0
2020-05-05,NC,20,0,0.002,0.0
2020-05-06,NC,20,0,0.002,0.0
2020-05-07,NC,20,0,0.002,0.0
2020-05-08,NC,20,0,0.002,0.0
2020-05-09,NC,20,0,0.002,0.0
2020-05-10,NC,23,3,0.002,0.0
2020-05-11,NC,23,0,0.002,0.0
2020-05-12,NC,23,0,0.002,0.0
2020-05-13,NC,24,1,0.002,0.0
2020-05-14,NC,28,4,0.002,0.0
2020-05-15,NC,20,-8,0.002,-0.001
2020-05-16,NC,24,4,0.002,0.0
2020-05-17,NC,24,0,0.002,0.0
2020-05-18,NC,27,3,0.002,0.0
2020-05-19,NC,27,0,0.002,0.0
2020-05-20,NC,27,0,0.002,0.0
2020-05-21,NC,27,0,0.002,0.0
2020-05-22,NC,27,0,0.002,0.0
2020-05-23,NC,27,0,0.002,0.0
2020-05-24,NC,28,1,0.002,0.0
2020-05-25,NC,28,0,0.002,0.0
2020-05-26,NC,29,1,0.002,0.0
2020-05-27,NC,30,1,0.002,0.0
2020-05-28,NC,30,0,0.002,0.0
2020-05-29,NC,31,1,0.002,0.0
2020-05-30,NC,31,0,0.002,0.0
2020-05-31,NC,31,0,0.002,0.0
2020-06-01,NC,31,0,0.002,0.0
2020-06-02,NC,33,2,0.003,0.0
2020-06-03,NC,33,0,0.003,0.0
2020-06-04,NC,33,0,0.003,0.0
2020-06-05,NC,34,1,0.003,0.0
2020-06-06,NC,38,4,0.003,0.0
2020-06-07,NC,41,3,0.003,0.0
2020-06-08,NC,41,0,0.003,0.0
2020-06-09,NC,41,0,0.003,0.0
2020-06-10,NC,42,1,0.003,0.0
2020-06-11,NC,42,0,0.003,0.0
2020-06-12,NC,52,10,0.004,0.001
2020-06-13,NC,52,0,0.004,0.0
2020-06-14,NC,52,0,0.004,0.0
2020-06-15,NC,52,0,0.004,0.0
2020-06-16,NC,52,0,0.004,0.0
2020-06-17,NC,52,0,0.004,0.0
2020-06-18,NC,81,29,0.006,0.002
2020-06-19,NC,97,16,0.008,0.001
2020-06-20,NC,97,0,0.008,0.0
2020-06-21,NC,110,13,0.009,0.001
2020-06-22,NC,112,2,0.009,0.0
2020-06-23,NC,112,0,0.009,0.0
2020-06-24,NC,112,0,0.009,0.0
2020-06-25,NC,112,0,0.009,0.0
2020-06-26,NC,128,16,0.01,0.001
2020-06-27,NC,186,58,0.015,0.005
2020-06-28,NC,186,0,0.015,0.0
2020-06-29,NC,186,0,0.015,0.0
2020-06-30,NC,186,0,0.015,0.0
2020-07-01,NC,204,18,0.016,0.001
2020-07-02,NC,232,28,0.018,0.002
2020-07-03,NC,232,0,0.018,0.0
2020-07-04,NC,236,4,0.019,0.0
2020-07-05,NC,237,1,0.019,0.0
2020-07-06,NC,237,0,0.019,0.0
2020-07-07,NC,237,0,0.019,0.0
2020-07-08,NC,254,17,0.02,0.001
2020-07-09,NC,267,13,0.021,0.001
2020-07-10,NC,277,10,0.022,0.001
2020-07-11,NC,308,31,0.024,0.002
2020-07-12,NC,310,2,0.025,0.0
2020-07-13,NC,354,44,0.028,0.003
2020-07-14,NC,503,149,0.04,0.012
2020-07-15,NC,508,5,0.04,0.0
2020-07-16,NC,601,93,0.048,0.007
2020-07-17,NC,627,26,0.05,0.002
2020-07-18,NC,723,96,0.057,0.008
2020-07-19,NC,772,49,0.061,0.004
2020-07-20,NC,970,198,0.077,0.016
2020-07-21,NC,1087,117,0.086,0.009
2020-07-22,NC,1100,13,0.087,0.001
2020-07-23,NC,1152,52,0.091,0.004
2020-07-24,NC,1177,25,0.093,0.002
2020-07-25,NC,1190,13,0.094,0.001
2020-07-26,NC,1223,33,0.097,0.003
2020-07-27,NC,1223,0,0.097,0.0
2020-07-28,NC,1244,21,0.098,0.002
2020-07-29,NC,1275,31,0.101,0.002
2020-07-30,NC,1341,66,0.106,0.005
2020-07-31,NC,1389,48,0.11,0.004
2020-08-01,NC,1517,128,0.12,0.01
2020-08-02,NC,1874,357,0.148,0.028
2020-08-03,NC,2381,507,0.188,0.04
2020-08-04,NC,2388,7,0.189,0.001
2020-08-05,NC,2859,471,0.226,0.037
2020-08-06,NC,3069,210,0.243,0.017
2020-08-07,NC,3089,20,0.244,0.002
2020-08-08,NC,3158,69,0.25,0.005
2020-08-09,NC,3306,148,0.262,0.012
2020-08-10,NC,3307,1,0.262,0.0
2020-08-11,NC,3391,84,0.268,0.007
2020-08-12,NC,3698,307,0.293,0.024
2020-08-13,NC,3794,96,0.3,0.008
2020-08-14,NC,3937,143,0.312,0.011
2020-08-15,NC,3984,47,0.315,0.004
2020-08-16,NC,4515,531,0.357,0.042
2020-08-17,NC,4728,213,0.374,0.017
2020-08-18,NC,4757,29,0.376,0.002
2020-08-19,NC,4961,204,0.393,0.016
2020-08-20,NC,5154,193,0.408,0.015
2020-08-21,NC,5203,49,0.412,0.004
2020-08-22,NC,5300,97,0.419,0.008
2020-08-23,NC,5821,521,0.461,0.041
2020-08-24,NC,6106,285,0.483,0.023
2020-08-25,NC,6381,275,0.505,0.022
2020-08-26,NC,6409,28,0.507,0.002
2020-08-27,NC,6640,231,0.525,0.018
2020-08-28,NC,6784,144,0.537,0.011
2020-08-29,NC,6887,103,0.545,0.008
2020-08-30,NC,6972,85,0.552,0.007
2020-08-31,NC,7003,31,0.554,0.002
2020-09-01,NC,7175,172,0.568,0.014
2020-09-02,NC,7420,245,0.587,0.019
2020-09-03,NC,7526,106,0.595,0.008
2020-09-04,NC,7551,25,0.597,0.002
2020-09-05,NC,7573,22,0.599,0.002
2020-09-06,NC,8717,1144,0.69,0.091
2020-09-07,NC,8933,216,0.707,0.017
2020-09-08,NC,8956,23,0.709,0.002
2020-09-09,NC,9075,119,0.718,0.009
2020-09-10,NC,9316,241,0.737,0.019
2020-09-11,NC,9447,131,0.747,0.01
2020-09-12,NC,9499,52,0.752,0.004
2020-09-13,NC,10196,697,0.807,0.055
2020-09-14,NC,10256,60,0.811,0.005
2020-09-15,NC,10412,156,0.824,0.012
2020-09-16,NC,10486,74,0.83,0.006
2020-09-17,NC,10516,30,0.832,0.002
2020-09-18,NC,10640,124,0.842,0.01
2020-09-19,NC,11320,680,0.896,0.054
2020-09-20,NC,11353,33,0.898,0.003
2020-09-21,NC,11541,188,0.913,0.015
2020-09-22,NC,11724,183,0.928,0.014
2020-09-23,NC,11833,109,0.936,0.009
2020-09-24,NC,12615,782,0.998,0.062
2020-09-25,NC,12959,344,1.025,0.027
2020-09-26,NC,12959,0,1.025,0.0
2020-09-27,NC,13225,266,1.046,0.021
2020-09-28,NC,13225,0,1.046,0.0
2020-09-29,NC,13441,216,1.063,0.017
2020-09-30,NC,13496,55,1.068,0.004
2020-10-01,NC,13740,244,1.087,0.019
2020-10-02,NC,13977,237,1.106,0.019
2020-10-03,NC,14562,585,1.152,0.046
2020-10-04,NC,14710,148,1.164,0.012
2020-10-05,NC,14750,40,1.167,0.003
2020-10-06,NC,14814,64,1.172,0.005
2020-10-07,NC,15073,259,1.193,0.02
2020-10-08,NC,15122,49,1.196,0.004
2020-10-09,NC,15388,266,1.218,0.021
2020-10-10,NC,15479,91,1.225,0.007
2020-10-11,NC,16087,608,1.273,0.048
2020-10-12,NC,16190,103,1.281,0.008
2020-10-13,NC,16356,166,1.294,0.013
2020-10-14,NC,16479,123,1.304,0.01
2020-10-15,NC,16583,104,1.312,0.008
2020-10-16,NC,16694,111,1.321,0.009
2020-10-17,NC,16772,78,1.327,0.006
2020-10-18,NC,16847,75,1.333,0.006
2020-10-19,NC,16933,86,1.34,0.007
2020-10-20,NC,16996,63,1.345,0.005
2020-10-21,NC,17099,103,1.353,0.008
2020-10-22,NC,17163,64,1.358,0.005
2020-10-23,NC,17326,163,1.371,0.013
2020-10-24,NC,17408,82,1.377,0.006
2020-10-25,NC,17504,96,1.385,0.008
2020-10-26,NC,17504,0,1.385,0.0
2020-10-27,NC,17763,259,1.405,0.02
2020-10-28,NC,17811,48,1.409,0.004
2020-10-29,NC,17815,4,1.41,0.0
2020-10-30,NC,17932,117,1.419,0.009
2020-10-31,NC,18061,129,1.429,0.01
2020-11-01,NC,18087,26,1.431,0.002
2020-11-02,NC,18167,80,1.437,0.006
2020-11-03,NC,18292,125,1.447,0.01
2020-11-04,NC,18303,11,1.448,0.001
2020-11-05,NC,18387,84,1.455,0.007
2020-11-06,NC,18387,0,1.455,0.0
2020-11-07,NC,18418,31,1.457,0.002
2020-11-08,NC,18418,0,1.457,0.0
2020-11-09,NC,18489,71,1.463,0.006
2020-11-10,NC,18580,91,1.47,0.007
2020-11-11,NC,18661,81,1.476,0.006
2020-11-12,NC,18672,11,1.477,0.001
2020-11-13,NC,18698,26,1.479,0.002
2020-11-14,NC,18700,2,1.48,0.0
2020-11-15,NC,18700,0,1.48,0.0
2020-11-16,NC,18739,39,1.483,0.003
2020-11-17,NC,18742,3,1.483,0.0
2020-11-18,NC,18761,19,1.484,0.002
2020-11-19,NC,19258,497,1.524,0.039
2020-11-20,NC,19275,17,1.525,0.001
2020-11-21,NC,19275,0,1.525,0.0
2020-11-22,NC,19290,15,1.526,0.001
2020-11-23,NC,19298,8,1.527,0.001
2020-11-24,NC,19428,130,1.537,0.01
2020-11-25,NC,19428,0,1.537,0.0
2020-11-26,NC,19428,0,1.537,0.0
2020-11-27,NC,20645,1217,1.633,0.096
2020-11-28,NC,20653,8,1.634,0.001
2020-11-29,NC,20674,21,1.636,0.002
2020-11-30,NC,20684,10,1.637,0.001
2020-12-01,NC,20684,0,1.637,0.0
2020-12-02,NC,20723,39,1.64,0.003
2020-12-03,NC,20756,33,1.642,0.003
2020-12-04,NC,20777,21,1.644,0.002
2020-12-05,NC,20821,44,1.647,0.003
2020-12-06,NC,20821,0,1.647,0.0
2020-12-07,NC,20998,177,1.661,0.014
2020-12-08,NC,21016,18,1.663,0.001
2020-12-09,NC,21017,1,1.663,0.0
2020-12-10,NC,21023,6,1.663,0.0
2020-12-11,NC,21086,63,1.668,0.005
2020-12-12,NC,21086,0,1.668,0.0
2020-12-13,NC,21196,110,1.677,0.009
2020-12-14,NC,21474,278,1.699,0.022
2020-12-15,NC,21474,0,1.699,0.0
2020-12-16,NC,21499,25,1.701,0.002
2020-12-17,NC,21557,58,1.706,0.005
2020-12-18,NC,21753,196,1.721,0.016
2020-12-19,NC,21783,30,1.724,0.002
2020-12-20,NC,21783,0,1.724,0.0
2020-12-21,NC,21859,76,1.73,0.006
2020-12-22,NC,21988,129,1.74,0.01
2020-12-23,NC,22076,88,1.747,0.007
2020-12-24,NC,22078,2,1.747,0.0
2020-12-25,NC,22078,0,1.747,0.0
2020-12-26,NC,22078,0,1.747,0.0
2020-12-27,NC,22079,1,1.747,0.0
2020-12-28,NC,22137,58,1.752,0.005
2020-12-29,NC,22172,35,1.754,0.003
2020-12-30,NC,22303,131,1.765,0.01
2020-12-31,NC,23071,768,1.825,0.061
2021-01-01,NC,23071,0,1.825,0.0
2021-01-02,NC,23071,0,1.825,0.0
2021-01-03,NC,23103,32,1.828,0.003
2021-01-04,NC,23139,36,1.831,0.003
2021-01-05,NC,23140,1,1.831,0.0
2021-01-06,NC,23194,54,1.835,0.004
2020-04-17,NW,6,6,0.0,0.0
2020-04-18,NW,6,0,0.0,0.0
2020-04-19,NW,6,0,0.0,0.0
2020-04-20,NW,6,0,0.0,0.0
2020-04-21,NW,6,0,0.0,0.0
2020-04-22,NW,6,0,0.0,0.0
2020-04-23,NW,6,0,0.0,0.0
2020-04-24,NW,6,0,0.0,0.0
2020-04-25,NW,6,0,0.0,0.0
2020-04-26,NW,6,0,0.0,0.0
2020-04-27,NW,6,0,0.0,0.0
2020-04-28,NW,6,0,0.0,0.0
2020-04-29,NW,6,0,0.0,0.0
2020-04-30,NW,6,0,0.0,0.0
2020-05-01,NW,6,0,0.0,0.0
2020-05-02,NW,13,7,0.0,0.0
2020-05-03,NW,13,0,0.0,0.0
2020-05-04,NW,13,0,0.0,0.0
2020-05-05,NW,13,0,0.0,0.0
2020-05-06,NW,16,3,0.0,0.0
2020-05-07,NW,16,0,0.0,0.0
2020-05-08,NW,16,0,0.0,0.0
2020-05-09,NW,16,0,0.0,0.0
2020-05-10,NW,16,0,0.0,0.0
2020-05-11,NW,16,0,0.0,0.0
2020-05-12,NW,16,0,0.0,0.0
2020-05-13,NW,17,1,0.0,0.0
2020-05-14,NW,19,2,0.0,0.0
2020-05-15,NW,28,9,0.001,0.0
2020-05-16,NW,28,0,0.001,0.0
2020-05-17,NW,28,0,0.001,0.0
2020-05-18,NW,28,0,0.001,0.0
2020-05-19,NW,28,0,0.001,0.0
2020-05-20,NW,28,0,0.001,0.0
2020-05-21,NW,28,0,0.001,0.0
2020-05-22,NW,29,1,0.001,0.0
2020-05-23,NW,29,0,0.001,0.0
2020-05-24,NW,29,0,0.001,0.0
2020-05-25,NW,29,0,0.001,0.0
2020-05-26,NW,29,0,0.001,0.0
2020-05-27,NW,39,10,0.001,0.0
2020-05-28,NW,45,6,0.001,0.0
2020-05-29,NW,45,0,0.001,0.0
2020-05-30,NW,45,0,0.001,0.0
2020-05-31,NW,45,0,0.001,0.0
2020-06-01,NW,45,0,0.001,0.0
2020-06-02,NW,59,14,0.001,0.0
2020-06-03,NW,59,0,0.001,0.0
2020-06-04,NW,59,0,0.001,0.0
2020-06-05,NW,73,14,0.002,0.0
2020-06-06,NW,73,0,0.002,0.0
2020-06-07,NW,73,0,0.002,0.0
2020-06-08,NW,73,0,0.002,0.0
2020-06-09,NW,88,15,0.002,0.0
2020-06-10,NW,104,16,0.003,0.0
2020-06-11,NW,104,0,0.003,0.0
2020-06-12,NW,128,24,0.003,0.001
2020-06-13,NW,128,0,0.003,0.0
2020-06-14,NW,152,24,0.004,0.001
2020-06-15,NW,152,0,0.004,0.0
2020-06-16,NW,152,0,0.004,0.0
2020-06-17,NW,175,23,0.004,0.001
2020-06-18,NW,175,0,0.004,0.0
2020-06-19,NW,175,0,0.004,0.0
2020-06-20,NW,175,0,0.004,0.0
2020-06-21,NW,248,73,0.006,0.002
2020-06-22,NW,248,0,0.006,0.0
2020-06-23,NW,256,8,0.006,0.0
2020-06-24,NW,291,35,0.007,0.001
2020-06-25,NW,291,0,0.007,0.0
2020-06-26,NW,421,130,0.01,0.003
2020-06-27,NW,433,12,0.011,0.0
2020-06-28,NW,433,0,0.011,0.0
2020-06-29,NW,433,0,0.011,0.0
2020-06-30,NW,651,218,0.016,0.005
2020-07-01,NW,802,151,0.02,0.004
2020-07-02,NW,865,63,0.021,0.002
2020-07-03,NW,865,0,0.021,0.0
2020-07-04,NW,865,0,0.021,0.0
2020-07-05,NW,865,0,0.021,0.0
2020-07-06,NW,1104,239,0.027,0.006
2020-07-07,NW,1335,231,0.033,0.006
2020-07-08,NW,1456,121,0.036,0.003
2020-07-09,NW,1574,118,0.039,0.003
2020-07-10,NW,1688,114,0.041,0.003
2020-07-11,NW,1715,27,0.042,0.001
2020-07-12,NW,2191,476,0.054,0.012
2020-07-13,NW,2474,283,0.061,0.007
2020-07-14,NW,2575,101,0.063,0.002
2020-07-15,NW,2578,3,0.063,0.0
2020-07-16,NW,2694,116,0.066,0.003
2020-07-17,NW,2694,0,0.066,0.0
2020-07-18,NW,2839,145,0.07,0.004
2020-07-19,NW,2890,51,0.071,0.001
2020-07-20,NW,3241,351,0.08,0.009
2020-07-21,NW,3241,0,0.08,0.0
2020-07-22,NW,3914,673,0.096,0.017
2020-07-23,NW,4019,105,0.099,0.003
2020-07-24,NW,4795,776,0.118,0.019
2020-07-25,NW,5447,652,0.134,0.016
2020-07-26,NW,6076,629,0.149,0.015
2020-07-27,NW,6441,365,0.158,0.009
2020-07-28,NW,6638,197,0.163,0.005
2020-07-29,NW,7181,543,0.176,0.013
2020-07-30,NW,8160,979,0.2,0.024
2020-07-31,NW,8256,96,0.203,0.002
2020-08-01,NW,8444,188,0.207,0.005
2020-08-02,NW,8751,307,0.215,0.008
2020-08-03,NW,8872,121,0.218,0.003
2020-08-04,NW,9206,334,0.226,0.008
2020-08-05,NW,9243,37,0.227,0.001
2020-08-06,NW,9527,284,0.234,0.007
2020-08-07,NW,10182,655,0.25,0.016
2020-08-08,NW,11923,1741,0.293,0.043
2020-08-09,NW,11923,0,0.293,0.0
2020-08-10,NW,12136,213,0.298,0.005
2020-08-11,NW,12245,109,0.301,0.003
2020-08-12,NW,12486,241,0.307,0.006
2020-08-13,NW,12559,73,0.308,0.002
2020-08-14,NW,12559,0,0.308,0.0
2020-08-15,NW,13073,514,0.321,0.013
2020-08-16,NW,14980,1907,0.368,0.047
2020-08-17,NW,14980,0,0.368,0.0
2020-08-18,NW,14980,0,0.368,0.0
2020-08-19,NW,14980,0,0.368,0.0
2020-08-20,NW,16948,1968,0.416,0.048
2020-08-21,NW,16948,0,0.416,0.0
2020-08-22,NW,17007,59,0.418,0.001
2020-08-23,NW,17007,0,0.418,0.0
2020-08-24,NW,17008,1,0.418,0.0
2020-08-25,NW,17008,0,0.418,0.0
2020-08-26,NW,17702,694,0.435,0.017
2020-08-27,NW,17993,291,0.442,0.007
2020-08-28,NW,18165,172,0.446,0.004
2020-08-29,NW,18437,272,0.453,0.007
2020-08-30,NW,18492,55,0.454,0.001
2020-08-31,NW,18636,144,0.458,0.004
2020-09-01,NW,18886,250,0.464,0.006
2020-09-02,NW,19388,502,0.476,0.012
2020-09-03,NW,20028,640,0.492,0.016
2020-09-04,NW,20028,0,0.492,0.0
2020-09-05,NW,20554,526,0.505,0.013
2020-09-06,NW,21033,479,0.517,0.012
2020-09-07,NW,21530,497,0.529,0.012
2020-09-08,NW,21530,0,0.529,0.0
2020-09-09,NW,21673,143,0.532,0.004
2020-09-10,NW,21673,0,0.532,0.0
2020-09-11,NW,21673,0,0.532,0.0
2020-09-12,NW,21673,0,0.532,0.0
2020-09-13,NW,21673,0,0.532,0.0
2020-09-14,NW,22214,541,0.546,0.013
2020-09-15,NW,22762,548,0.559,0.013
2020-09-16,NW,22948,186,0.564,0.005
2020-09-17,NW,22948,0,0.564,0.0
2020-09-18,NW,23382,434,0.574,0.011
2020-09-19,NW,23829,447,0.585,0.011
2020-09-20,NW,23829,0,0.585,0.0
2020-09-21,NW,24101,272,0.592,0.007
2020-09-22,NW,24101,0,0.592,0.0
2020-09-23,NW,24526,425,0.602,0.01
2020-09-24,NW,24526,0,0.602,0.0
2020-09-25,NW,25003,477,0.614,0.012
2020-09-26,NW,25466,463,0.625,0.011
2020-09-27,NW,25800,334,0.634,0.008
2020-09-28,NW,25870,70,0.635,0.002
2020-09-29,NW,26384,514,0.648,0.013
2020-09-30,NW,26384,0,0.648,0.0
2020-10-01,NW,26540,156,0.652,0.004
2020-10-02,NW,26592,52,0.653,0.001
2020-10-03,NW,26592,0,0.653,0.0
2020-10-04,NW,26838,246,0.659,0.006
2020-10-05,NW,26946,108,0.662,0.003
2020-10-06,NW,27134,188,0.666,0.005
2020-10-07,NW,27272,138,0.67,0.003
2020-10-08,NW,27272,0,0.67,0.0
2020-10-09,NW,27621,349,0.678,0.009
2020-10-10,NW,27621,0,0.678,0.0
2020-10-11,NW,27918,297,0.686,0.007
2020-10-12,NW,28215,297,0.693,0.007
2020-10-13,NW,28385,170,0.697,0.004
2020-10-14,NW,28553,168,0.701,0.004
2020-10-15,NW,28589,36,0.702,0.001
2020-10-16,NW,28589,0,0.702,0.0
2020-10-17,NW,28589,0,0.702,0.0
2020-10-18,NW,28589,0,0.702,0.0
2020-10-19,NW,28589,0,0.702,0.0
2020-10-20,NW,28589,0,0.702,0.0
2020-10-21,NW,28727,138,0.705,0.003
2020-10-22,NW,28727,0,0.705,0.0
2020-10-23,NW,28727,0,0.705,0.0
2020-10-24,NW,28727,0,0.705,0.0
2020-10-25,NW,28804,77,0.707,0.002
2020-10-26,NW,28804,0,0.707,0.0
2020-10-27,NW,28841,37,0.708,0.001
2020-10-28,NW,28841,0,0.708,0.0
2020-10-29,NW,28841,0,0.708,0.0
2020-10-30,NW,29356,515,0.721,0.013
2020-10-31,NW,29383,27,0.722,0.001
2020-11-01,NW,29383,0,0.722,0.0
2020-11-02,NW,29652,269,0.728,0.007
2020-11-03,NW,29652,0,0.728,0.0
2020-11-04,NW,29652,0,0.728,0.0
2020-11-05,NW,29652,0,0.728,0.0
2020-11-06,NW,29652,0,0.728,0.0
2020-11-07,NW,29652,0,0.728,0.0
2020-11-08,NW,29809,157,0.732,0.004
2020-11-09,NW,30248,439,0.743,0.011
2020-11-10,NW,30248,0,0.743,0.0
2020-11-11,NW,30248,0,0.743,0.0
2020-11-12,NW,31671,1423,0.778,0.035
2020-11-13,NW,31671,0,0.778,0.0
2020-11-14,NW,32100,429,0.788,0.011
2020-11-15,NW,32100,0,0.788,0.0
2020-11-16,NW,32100,0,0.788,0.0
2020-11-17,NW,32100,0,0.788,0.0
2020-11-18,NW,32391,291,0.795,0.007
2020-11-19,NW,32391,0,0.795,0.0
2020-11-20,NW,32861,470,0.807,0.012
2020-11-21,NW,32861,0,0.807,0.0
2020-11-22,NW,32861,0,0.807,0.0
2020-11-23,NW,32861,0,0.807,0.0
2020-11-24,NW,32861,0,0.807,0.0
2020-11-25,NW,32861,0,0.807,0.0
2020-11-26,NW,32861,0,0.807,0.0
2020-11-27,NW,33262,401,0.817,0.01
2020-11-28,NW,33315,53,0.818,0.001
2020-11-29,NW,33315,0,0.818,0.0
2020-11-30,NW,33315,0,0.818,0.0
2020-12-01,NW,33315,0,0.818,0.0
2020-12-02,NW,33618,303,0.826,0.007
2020-12-03,NW,33717,99,0.828,0.002
2020-12-04,NW,33717,0,0.828,0.0
2020-12-05,NW,33729,12,0.828,0.0
2020-12-06,NW,33764,35,0.829,0.001
2020-12-07,NW,33834,70,0.831,0.002
2020-12-08,NW,33834,0,0.831,0.0
2020-12-09,NW,33882,48,0.832,0.001
2020-12-10,NW,33918,36,0.833,0.001
2020-12-11,NW,33918,0,0.833,0.0
2020-12-12,NW,33918,0,0.833,0.0
2020-12-13,NW,33918,0,0.833,0.0
2020-12-14,NW,33918,0,0.833,0.0
2020-12-15,NW,34116,198,0.838,0.005
2020-12-16,NW,34116,0,0.838,0.0
2020-12-17,NW,34116,0,0.838,0.0
2020-12-18,NW,34116,0,0.838,0.0
2020-12-19,NW,34116,0,0.838,0.0
2020-12-20,NW,34116,0,0.838,0.0
2020-12-21,NW,34116,0,0.838,0.0
2020-12-22,NW,34116,0,0.838,0.0
2020-12-23,NW,34116,0,0.838,0.0
2020-12-24,NW,34353,237,0.844,0.006
2020-12-25,NW,34376,23,0.844,0.001
2020-12-26,NW,34376,0,0.844,0.0
2020-12-27,NW,34376,0,0.844,0.0
2020-12-28,NW,34376,0,0.844,0.0
2020-12-29,NW,34659,283,0.851,0.007
2020-12-30,NW,34659,0,0.851,0.0
2020-12-31,NW,34659,0,0.851,0.0
2021-01-01,NW,34659,0,0.851,0.0
2021-01-02,NW,34659,0,0.851,0.0
2021-01-03,NW,34971,312,0.859,0.008
2021-01-04,NW,35429,458,0.87,0.011
2021-01-05,NW,35553,124,0.873,0.003
2021-01-06,NW,35553,0,0.873,0.0
2020-04-17,WC,205,205,0.003,0.003
2020-04-18,WC,205,0,0.003,0.0
2020-04-19,WC,205,0,0.003,0.0
2020-04-20,WC,216,11,0.003,0.0
2020-04-21,WC,216,0,0.003,0.0
2020-04-22,WC,216,0,0.003,0.0
2020-04-23,WC,236,20,0.003,0.0
2020-04-24,WC,236,0,0.003,0.0
2020-04-25,WC,236,0,0.003,0.0
2020-04-26,WC,236,0,0.003,0.0
2020-04-27,WC,236,0,0.003,0.0
2020-04-28,WC,236,0,0.003,0.0
2020-04-29,WC,236,0,0.003,0.0
2020-04-30,WC,236,0,0.003,0.0
2020-05-01,WC,236,0,0.003,0.0
2020-05-02,WC,779,543,0.011,0.008
2020-05-03,WC,779,0,0.011,0.0
2020-05-04,WC,833,54,0.012,0.001
2020-05-05,WC,833,0,0.012,0.0
2020-05-06,WC,1122,289,0.016,0.004
2020-05-07,WC,1122,0,0.016,0.0
2020-05-08,WC,1122,0,0.016,0.0
2020-05-09,WC,1122,0,0.016,0.0
2020-05-10,WC,1607,485,0.023,0.007
2020-05-11,WC,1607,0,0.023,0.0
2020-05-12,WC,1607,0,0.023,0.0
2020-05-13,WC,1950,343,0.028,0.005
2020-05-14,WC,2573,623,0.038,0.009
2020-05-15,WC,2857,284,0.042,0.004
2020-05-16,WC,3097,240,0.045,0.004
2020-05-17,WC,3521,424,0.051,0.006
2020-05-18,WC,3731,210,0.055,0.003
2020-05-19,WC,4363,632,0.064,0.009
2020-05-20,WC,5105,742,0.075,0.011
2020-05-21,WC,5105,0,0.075,0.0
2020-05-22,WC,6126,1021,0.09,0.015
2020-05-23,WC,6126,0,0.09,0.0
2020-05-24,WC,6525,399,0.095,0.006
2020-05-25,WC,7221,696,0.106,0.01
2020-05-26,WC,7844,623,0.115,0.009
2020-05-27,WC,8504,660,0.124,0.01
2020-05-28,WC,9157,653,0.134,0.01
2020-05-29,WC,9830,673,0.144,0.01
2020-05-30,WC,10508,678,0.154,0.01
2020-05-31,WC,11099,591,0.162,0.009
2020-06-01,WC,11431,332,0.167,0.005
2020-06-02,WC,12436,1005,0.182,0.015
2020-06-03,WC,13696,1260,0.2,0.018
2020-06-04,WC,14917,1221,0.218,0.018
2020-06-05,WC,16433,1516,0.24,0.022
2020-06-06,WC,17355,922,0.254,0.013
2020-06-07,WC,17366,11,0.254,0.0
2020-06-08,WC,19101,1735,0.279,0.025
2020-06-09,WC,20791,1690,0.304,0.025
2020-06-10,WC,22862,2071,0.334,0.03
2020-06-11,WC,22862,0,0.334,0.0
2020-06-12,WC,25435,2573,0.372,0.038
2020-06-13,WC,26736,1301,0.391,0.019
2020-06-14,WC,27527,791,0.402,0.012
2020-06-15,WC,28615,1088,0.418,0.016
2020-06-16,WC,30236,1621,0.442,0.024
2020-06-17,WC,31824,1588,0.465,0.023
2020-06-18,WC,31824,0,0.465,0.0
2020-06-19,WC,34067,2243,0.498,0.033
2020-06-20,WC,35156,1089,0.514,0.016
2020-06-21,WC,35559,403,0.52,0.006
2020-06-22,WC,35958,399,0.525,0.006
2020-06-23,WC,37234,1276,0.544,0.019
2020-06-24,WC,37234,0,0.544,0.0
2020-06-25,WC,39475,2241,0.577,0.033
2020-06-26,WC,40979,1504,0.599,0.022
2020-06-27,WC,42172,1193,0.616,0.017
2020-06-28,WC,42636,464,0.623,0.007
2020-06-29,WC,42636,0,0.623,0.0
2020-06-30,WC,43120,484,0.63,0.007
2020-07-01,WC,44938,1818,0.657,0.027
2020-07-02,WC,46515,1577,0.68,0.023
2020-07-03,WC,47929,1414,0.7,0.021
2020-07-04,WC,49362,1433,0.721,0.021
2020-07-05,WC,49928,566,0.729,0.008
2020-07-06,WC,50271,343,0.734,0.005
2020-07-07,WC,52157,1886,0.762,0.028
2020-07-08,WC,53881,1724,0.787,0.025
2020-07-09,WC,55534,1653,0.811,0.024
2020-07-10,WC,55534,0,0.811,0.0
2020-07-11,WC,57134,1600,0.835,0.023
2020-07-12,WC,59070,1936,0.863,0.028
2020-07-13,WC,59492,422,0.869,0.006
2020-07-14,WC,61756,2264,0.902,0.033
2020-07-15,WC,61756,0,0.902,0.0
2020-07-16,WC,63731,1975,0.931,0.029
2020-07-17,WC,67181,3450,0.982,0.05
2020-07-18,WC,68410,1229,1.0,0.018
2020-07-19,WC,68410,0,1.0,0.0
2020-07-20,WC,68410,0,1.0,0.0
2020-07-21,WC,70061,1651,1.024,0.024
2020-07-22,WC,71491,1430,1.045,0.021
2020-07-23,WC,72695,1204,1.062,0.018
2020-07-24,WC,73897,1202,1.08,0.018
2020-07-25,WC,74987,1090,1.096,0.016
2020-07-26,WC,75355,368,1.101,0.005
2020-07-27,WC,75595,240,1.105,0.004
2020-07-28,WC,76835,1240,1.123,0.018
2020-07-29,WC,76835,0,1.123,0.0
2020-07-30,WC,78921,2086,1.153,0.03
2020-07-31,WC,79841,920,1.167,0.013
2020-08-01,WC,80750,909,1.18,0.013
2020-08-02,WC,80956,206,1.183,0.003
2020-08-03,WC,81313,357,1.188,0.005
2020-08-04,WC,82447,1134,1.205,0.017
2020-08-05,WC,83528,1081,1.22,0.016
2020-08-06,WC,84529,1001,1.235,0.015
2020-08-07,WC,85528,999,1.25,0.015
2020-08-08,WC,86415,887,1.263,0.013
2020-08-09,WC,86677,262,1.266,0.004
2020-08-10,WC,86861,184,1.269,0.003
2020-08-11,WC,87998,1137,1.286,0.017
2020-08-12,WC,88735,737,1.296,0.011
2020-08-13,WC,89528,793,1.308,0.012
2020-08-14,WC,90115,587,1.317,0.009
2020-08-15,WC,90652,537,1.324,0.008
2020-08-16,WC,90869,217,1.328,0.003
2020-08-17,WC,91041,172,1.33,0.003
2020-08-18,WC,91877,836,1.342,0.012
2020-08-19,WC,91877,0,1.342,0.0
2020-08-20,WC,92892,1015,1.357,0.015
2020-08-21,WC,92892,0,1.357,0.0
2020-08-22,WC,93383,491,1.364,0.007
2020-08-23,WC,93383,0,1.364,0.0
2020-08-24,WC,93788,405,1.37,0.006
2020-08-25,WC,93920,132,1.372,0.002
2020-08-26,WC,94500,580,1.381,0.008
2020-08-27,WC,96114,1614,1.404,0.024
2020-08-28,WC,96114,0,1.404,0.0
2020-08-29,WC,96921,807,1.416,0.012
2020-08-30,WC,97057,136,1.418,0.002
2020-08-31,WC,97136,79,1.419,0.001
2020-09-01,WC,97637,501,1.427,0.007
2020-09-02,WC,98047,410,1.433,0.006
2020-09-03,WC,98047,0,1.433,0.0
2020-09-04,WC,98689,642,1.442,0.009
2020-09-05,WC,99010,321,1.447,0.005
2020-09-06,WC,99097,87,1.448,0.001
2020-09-07,WC,99176,79,1.449,0.001
2020-09-08,WC,99562,386,1.455,0.006
2020-09-09,WC,99886,324,1.459,0.005
2020-09-10,WC,100220,334,1.464,0.005
2020-09-11,WC,100446,226,1.468,0.003
2020-09-12,WC,100664,218,1.471,0.003
2020-09-13,WC,100715,51,1.472,0.001
2020-09-14,WC,100779,64,1.472,0.001
2020-09-15,WC,101044,265,1.476,0.004
2020-09-16,WC,101275,231,1.48,0.003
2020-09-17,WC,101452,177,1.482,0.003
2020-09-18,WC,101650,198,1.485,0.003
2020-09-19,WC,101839,189,1.488,0.003
2020-09-20,WC,101896,57,1.489,0.001
2020-09-21,WC,101961,65,1.49,0.001
2020-09-22,WC,102266,305,1.494,0.004
2020-09-23,WC,102471,205,1.497,0.003
2020-09-24,WC,102642,171,1.5,0.002
2020-09-25,WC,102852,210,1.503,0.003
2020-09-26,WC,103043,191,1.506,0.003
2020-09-27,WC,103108,65,1.506,0.001
2020-09-28,WC,103165,57,1.507,0.001
2020-09-29,WC,103428,263,1.511,0.004
2020-09-30,WC,103612,184,1.514,0.003
2020-10-01,WC,103837,225,1.517,0.003
2020-10-02,WC,103978,141,1.519,0.002
2020-10-03,WC,103978,0,1.519,0.0
2020-10-04,WC,104191,213,1.522,0.003
2020-10-05,WC,104273,82,1.524,0.001
2020-10-06,WC,104471,198,1.526,0.003
2020-10-07,WC,104690,219,1.53,0.003
2020-10-08,WC,104839,149,1.532,0.002
2020-10-09,WC,104907,68,1.533,0.001
2020-10-10,WC,105055,148,1.535,0.002
2020-10-11,WC,105096,41,1.536,0.001
2020-10-12,WC,105136,40,1.536,0.001
2020-10-13,WC,105347,211,1.539,0.003
2020-10-14,WC,105510,163,1.542,0.002
2020-10-15,WC,105678,168,1.544,0.002
2020-10-16,WC,105678,0,1.544,0.0
2020-10-17,WC,106079,401,1.55,0.006
2020-10-18,WC,106134,55,1.551,0.001
2020-10-19,WC,106184,50,1.551,0.001
2020-10-20,WC,106440,256,1.555,0.004
2020-10-21,WC,106643,203,1.558,0.003
2020-10-22,WC,106979,336,1.563,0.005
2020-10-23,WC,106979,0,1.563,0.0
2020-10-24,WC,107247,268,1.567,0.004
2020-10-25,WC,107341,94,1.568,0.001
2020-10-26,WC,107388,47,1.569,0.001
2020-10-27,WC,107687,299,1.573,0.004
2020-10-28,WC,107958,271,1.577,0.004
2020-10-29,WC,108201,243,1.581,0.004
2020-10-30,WC,108428,227,1.584,0.003
2020-10-31,WC,108652,224,1.587,0.003
2020-11-01,WC,108715,63,1.588,0.001
2020-11-02,WC,108780,65,1.589,0.001
2020-11-03,WC,109078,298,1.594,0.004
2020-11-04,WC,109385,307,1.598,0.004
2020-11-05,WC,109669,284,1.602,0.004
2020-11-06,WC,109975,306,1.607,0.004
2020-11-07,WC,110269,294,1.611,0.004
2020-11-08,WC,110365,96,1.613,0.001
2020-11-09,WC,110403,38,1.613,0.001
2020-11-10,WC,110644,241,1.617,0.004
2020-11-11,WC,110862,218,1.62,0.003
2020-11-12,WC,111087,225,1.623,0.003
2020-11-13,WC,111383,296,1.627,0.004
2020-11-14,WC,111598,215,1.631,0.003
2020-11-15,WC,111692,94,1.632,0.001
2020-11-16,WC,111759,67,1.633,0.001
2020-11-17,WC,112371,612,1.642,0.009
2020-11-18,WC,112638,267,1.646,0.004
2020-11-19,WC,112920,282,1.65,0.004
2020-11-20,WC,113237,317,1.654,0.005
2020-11-21,WC,113512,275,1.658,0.004
2020-11-22,WC,113604,92,1.66,0.001
2020-11-23,WC,113658,54,1.661,0.001
2020-11-24,WC,114145,487,1.668,0.007
2020-11-25,WC,114145,0,1.668,0.0
2020-11-26,WC,114145,0,1.668,0.0
2020-11-27,WC,115470,1325,1.687,0.019
2020-11-28,WC,115767,297,1.691,0.004
2020-11-29,WC,115989,222,1.695,0.003
2020-11-30,WC,116125,136,1.697,0.002
2020-12-01,WC,116915,790,1.708,0.012
2020-12-02,WC,117501,586,1.717,0.009
2020-12-03,WC,118246,745,1.728,0.011
2020-12-04,WC,118956,710,1.738,0.01
2020-12-05,WC,119754,798,1.75,0.012
2020-12-06,WC,119995,241,1.753,0.004
2020-12-07,WC,120128,133,1.755,0.002
2020-12-08,WC,121417,1289,1.774,0.019
2020-12-09,WC,122478,1061,1.789,0.016
2020-12-10,WC,123477,999,1.804,0.015
2020-12-11,WC,124500,1023,1.819,0.015
2020-12-12,WC,125476,976,1.833,0.014
2020-12-13,WC,125700,224,1.837,0.003
2020-12-14,WC,125854,154,1.839,0.002
2020-12-15,WC,127687,1833,1.866,0.027
2020-12-16,WC,128750,1063,1.881,0.016
2020-12-17,WC,130498,1748,1.907,0.026
2020-12-18,WC,131921,1423,1.927,0.021
2020-12-19,WC,133711,1790,1.954,0.026
2020-12-20,WC,134192,481,1.961,0.007
2020-12-21,WC,134567,375,1.966,0.005
2020-12-22,WC,137484,2917,2.009,0.043
2020-12-23,WC,137484,0,2.009,0.0
2020-12-24,WC,143552,6068,2.097,0.089
2020-12-25,WC,146596,3044,2.142,0.044
2020-12-26,WC,149522,2926,2.185,0.043
2020-12-27,WC,150542,1020,2.2,0.015
2020-12-28,WC,151261,719,2.21,0.011
2020-12-29,WC,155486,4225,2.272,0.062
2020-12-30,WC,159240,3754,2.327,0.055
2020-12-31,WC,160447,1207,2.344,0.018
2021-01-01,WC,164236,3789,2.4,0.055
2021-01-02,WC,167736,3500,2.451,0.051
2021-01-03,WC,169096,1360,2.471,0.02
2021-01-04,WC,169962,866,2.483,0.013
2021-01-05,WC,174408,4446,2.548,0.065
2021-01-06,WC,178595,4187,2.609,0.061
2020-04-17,UNKNOWN,0,0,,
2020-04-18,UNKNOWN,0,0,,
2020-04-19,UNKNOWN,0,0,,
2020-04-20,UNKNOWN,0,0,,
2020-04-21,UNKNOWN,0,0,,
2020-04-22,UNKNOWN,0,0,,
2020-04-23,UNKNOWN,0,0,,
2020-04-24,UNKNOWN,0,0,,
2020-04-25,UNKNOWN,0,0,,
2020-04-26,UNKNOWN,0,0,,
2020-04-27,UNKNOWN,0,0,,
2020-04-28,UNKNOWN,0,0,,
2020-04-29,UNKNOWN,0,0,,
2020-04-30,UNKNOWN,0,0,,
2020-05-01,UNKNOWN,0,0,,
2020-05-02,UNKNOWN,0,0,,
2020-05-03,UNKNOWN,0,0,,
2020-05-04,UNKNOWN,0,0,,
2020-05-05,UNKNOWN,0,0,,
2020-05-06,UNKNOWN,0,0,,
2020-05-07,UNKNOWN,0,0,,
2020-05-08,UNKNOWN,0,0,,
2020-05-09,UNKNOWN,0,0,,
2020-05-10,UNKNOWN,0,0,,
2020-05-11,UNKNOWN,0,0,,
2020-05-12,UNKNOWN,0,0,,
2020-05-13,UNKNOWN,0,0,,
2020-05-14,UNKNOWN,0,0,,
2020-05-15,UNKNOWN,0,0,,
2020-05-16,UNKNOWN,0,0,,
2020-05-17,UNKNOWN,0,0,,
2020-05-18,UNKNOWN,0,0,,
2020-05-19,UNKNOWN,0,0,,
2020-05-20,UNKNOWN,0,0,,
2020-05-21,UNKNOWN,0,0,,
2020-05-22,UNKNOWN,0,0,,
2020-05-23,UNKNOWN,0,0,,
2020-05-24,UNKNOWN,0,0,,
2020-05-25,UNKNOWN,0,0,,
2020-05-26,UNKNOWN,0,0,,
2020-05-27,UNKNOWN,0,0,,
2020-05-28,UNKNOWN,0,0,,
2020-05-29,UNKNOWN,0,0,,
2020-05-30,UNKNOWN,0,0,,
2020-05-31,UNKNOWN,0,0,,
2020-06-01,UNKNOWN,0,0,,
2020-06-02,UNKNOWN,0,0,,
2020-06-03,UNKNOWN,0,0,,
2020-06-04,UNKNOWN,0,0,,
2020-06-05,UNKNOWN,0,0,,
2020-06-06,UNKNOWN,0,0,,
2020-06-07,UNKNOWN,0,0,,
2020-06-08,UNKNOWN,0,0,,
2020-06-09,UNKNOWN,0,0,,
2020-06-10,UNKNOWN,0,0,,
2020-06-11,UNKNOWN,0,0,,
2020-06-12,UNKNOWN,0,0,,
2020-06-13,UNKNOWN,0,0,,
2020-06-14,UNKNOWN,0,0,,
2020-06-15,UNKNOWN,0,0,,
2020-06-16,UNKNOWN,0,0,,
2020-06-17,UNKNOWN,0,0,,
2020-06-18,UNKNOWN,0,0,,
2020-06-19,UNKNOWN,0,0,,
2020-06-20,UNKNOWN,0,0,,
2020-06-21,UNKNOWN,0,0,,
2020-06-22,UNKNOWN,0,0,,
2020-06-23,UNKNOWN,0,0,,
2020-06-24,UNKNOWN,0,0,,
2020-06-25,UNKNOWN,0,0,,
2020-06-26,UNKNOWN,0,0,,
2020-06-27,UNKNOWN,0,0,,
2020-06-28,UNKNOWN,0,0,,
2020-06-29,UNKNOWN,0,0,,
2020-06-30,UNKNOWN,0,0,,
2020-07-01,UNKNOWN,0,0,,
2020-07-02,UNKNOWN,0,0,,
2020-07-03,UNKNOWN,0,0,,
2020-07-04,UNKNOWN,0,0,,
2020-07-05,UNKNOWN,0,0,,
2020-07-06,UNKNOWN,0,0,,
2020-07-07,UNKNOWN,0,0,,
2020-07-08,UNKNOWN,0,0,,
2020-07-09,UNKNOWN,0,0,,
2020-07-10,UNKNOWN,0,0,,
2020-07-11,UNKNOWN,0,0,,
2020-07-12,UNKNOWN,0,0,,
2020-07-13,UNKNOWN,0,0,,
2020-07-14,UNKNOWN,0,0,,
2020-07-15,UNKNOWN,0,0,,
2020-07-16,UNKNOWN,0,0,,
2020-07-17,UNKNOWN,0,0,,
2020-07-18,UNKNOWN,0,0,,
2020-07-19,UNKNOWN,0,0,,
2020-07-20,UNKNOWN,0,0,,
2020-07-21,UNKNOWN,0,0,,
2020-07-22,UNKNOWN,0,0,,
2020-07-23,UNKNOWN,0,0,,
2020-07-24,UNKNOWN,0,0,,
2020-07-25,UNKNOWN,0,0,,
2020-07-26,UNKNOWN,0,0,,
2020-07-27,UNKNOWN,0,0,,
2020-07-28,UNKNOWN,0,0,,
2020-07-29,UNKNOWN,0,0,,
2020-07-30,UNKNOWN,0,0,,
2020-07-31,UNKNOWN,0,0,,
2020-08-01,UNKNOWN,0,0,,
2020-08-02,UNKNOWN,0,0,,
2020-08-03,UNKNOWN,0,0,,
2020-08-04,UNKNOWN,0,0,,
2020-08-05,UNKNOWN,0,0,,
2020-08-06,UNKNOWN,0,0,,
2020-08-07,UNKNOWN,0,0,,
2020-08-08,UNKNOWN,0,0,,
2020-08-09,UNKNOWN,0,0,,
2020-08-10,UNKNOWN,0,0,,
2020-08-11,UNKNOWN,0,0,,
2020-08-12,UNKNOWN,0,0,,
2020-08-13,UNKNOWN,0,0,,
2020-08-14,UNKNOWN,0,0,,
2020-08-15,UNKNOWN,0,0,,
2020-08-16,UNKNOWN,0,0,,
2020-08-17,UNKNOWN,0,0,,
2020-08-18,UNKNOWN,0,0,,
2020-08-19,UNKNOWN,0,0,,
2020-08-20,UNKNOWN,0,0,,
2020-08-21,UNKNOWN,0,0,,
2020-08-22,UNKNOWN,0,0,,
2020-08-23,UNKNOWN,0,0,,
2020-08-24,UNKNOWN,0,0,,
2020-08-25,UNKNOWN,0,0,,
2020-08-26,UNKNOWN,0,0,,
2020-08-27,UNKNOWN,0,0,,
2020-08-28,UNKNOWN,0,0,,
2020-08-29,UNKNOWN,0,0,,
2020-08-30,UNKNOWN,0,0,,
2020-08-31,UNKNOWN,0,0,,
2020-09-01,UNKNOWN,0,0,,
2020-09-02,UNKNOWN,0,0,,
2020-09-03,UNKNOWN,0,0,,
2020-09-04,UNKNOWN,0,0,,
2020-09-05,UNKNOWN,0,0,,
2020-09-06,UNKNOWN,0,0,,
2020-09-07,UNKNOWN,0,0,,
2020-09-08,UNKNOWN,0,0,,
2020-09-09,UNKNOWN,0,0,,
2020-09-10,UNKNOWN,0,0,,
2020-09-11,UNKNOWN,0,0,,
2020-09-12,UNKNOWN,0,0,,
2020-09-13,UNKNOWN,0,0,,
2020-09-14,UNKNOWN,0,0,,
2020-09-15,UNKNOWN,0,0,,
2020-09-16,UNKNOWN,0,0,,
2020-09-17,UNKNOWN,0,0,,
2020-09-18,UNKNOWN,0,0,,
2020-09-19,UNKNOWN,0,0,,
2020-09-20,UNKNOWN,0,0,,
2020-09-21,UNKNOWN,0,0,,
2020-09-22,UNKNOWN,0,0,,
2020-09-23,UNKNOWN,0,0,,
2020-09-24,UNKNOWN,0,0,,
2020-09-25,UNKNOWN,0,0,,
2020-09-26,UNKNOWN,0,0,,
2020-09-27,UNKNOWN,0,0,,
2020-09-28,UNKNOWN,0,0,,
2020-09-29,UNKNOWN,0,0,,
2020-09-30,UNKNOWN,0,0,,
2020-10-01,UNKNOWN,0,0,,
2020-10-02,UNKNOWN,0,0,,
2020-10-03,UNKNOWN,0,0,,
2020-10-04,UNKNOWN,0,0,,
2020-10-05,UNKNOWN,0,0,,
2020-10-06,UNKNOWN,0,0,,
2020-10-07,UNKNOWN,0,0,,
2020-10-08,UNKNOWN,0,0,,
2020-10-09,UNKNOWN,0,0,,
2020-10-10,UNKNOWN,0,0,,
2020-10-11,UNKNOWN,0,0,,
2020-10-12,UNKNOWN,0,0,,
2020-10-13,UNKNOWN,0,0,,
2020-10-14,UNKNOWN,0,0,,
2020-10-15,UNKNOWN,0,0,,
2020-10-16,UNKNOWN,0,0,,
2020-10-17,UNKNOWN,0,0,,
2020-10-18,UNKNOWN,0,0,,
2020-10-19,UNKNOWN,0,0,,
2020-10-20,UNKNOWN,0,0,,
2020-10-21,UNKNOWN,0,0,,
2020-10-22,UNKNOWN,0,0,,
2020-10-23,UNKNOWN,0,0,,
2020-10-24,UNKNOWN,0,0,,
2020-10-25,UNKNOWN,0,0,,
2020-10-26,UNKNOWN,0,0,,
2020-10-27,UNKNOWN,0,0,,
2020-10-28,UNKNOWN,0,0,,
2020-10-29,UNKNOWN,0,0,,
2020-10-30,UNKNOWN,0,0,,
2020-10-31,UNKNOWN,0,0,,
2020-11-01,UNKNOWN,0,0,,
2020-11-02,UNKNOWN,0,0,,
2020-11-03,UNKNOWN,0,0,,
2020-11-04,UNKNOWN,0,0,,
2020-11-05,UNKNOWN,0,0,,
2020-11-06,UNKNOWN,0,0,,
2020-11-07,UNKNOWN,0,0,,
2020-11-08,UNKNOWN,0,0,,
2020-11-09,UNKNOWN,0,0,,
2020-11-10,UNKNOWN,0,0,,
2020-11-11,UNKNOWN,0,0,,
2020-11-12,UNKNOWN,0,0,,
2020-11-13,UNKNOWN,0,0,,
2020-11-14,UNKNOWN,0,0,,
2020-11-15,UNKNOWN,0,0,,
2020-11-16,UNKNOWN,0,0,,
2020-11-17,UNKNOWN,0,0,,
2020-11-18,UNKNOWN,0,0,,
2020-11-19,UNKNOWN,0,0,,
2020-11-20,UNKNOWN,0,0,,
2020-11-21,UNKNOWN,0,0,,
2020-11-22,UNKNOWN,0,0,,
2020-11-23,UNKNOWN,0,0,,
2020-11-24,UNKNOWN,0,0,,
2020-11-25,UNKNOWN,0,0,,
2020-11-26,UNKNOWN,0,0,,
2020-11-27,UNKNOWN,0,0,,
2020-11-28,UNKNOWN,0,0,,
2020-11-29,UNKNOWN,0,0,,
2020-11-30,UNKNOWN,0,0,,
2020-12-01,UNKNOWN,0,0,,
2020-12-02,UNKNOWN,0,0,,
2020-12-03,UNKNOWN,0,0,,
2020-12-04,UNKNOWN,0,0,,
2020-12-05,UNKNOWN,0,0,,
2020-12-06,UNKNOWN,0,0,,
2020-12-07,UNKNOWN,0,0,,
2020-12-08,UNKNOWN,0,0,,
2020-12-09,UNKNOWN,0,0,,
2020-12-10,UNKNOWN,0,0,,
2020-12-11,UNKNOWN,0,0,,
2020-12-12,UNKNOWN,0,0,,
2020-12-13,UNKNOWN,0,0,,
2020-12-14,UNKNOWN,0,0,,
2020-12-15,UNKNOWN,0,0,,
2020-12-16,UNKNOWN,0,0,,
2020-12-17,UNKNOWN,0,0,,
2020-12-18,UNKNOWN,0,0,,
2020-12-19,UNKNOWN,0,0,,
2020-12-20,UNKNOWN,0,0,,
2020-12-21,UNKNOWN,0,0,,
2020-12-22,UNKNOWN,0,0,,
2020-12-23,UNKNOWN,0,0,,
2020-12-24,UNKNOWN,0,0,,
2020-12-25,UNKNOWN,0,0,,
2020-12-26,UNKNOWN,0,0,,
2020-12-27,UNKNOWN,0,0,,
2020-12-28,UNKNOWN,0,0,,
2020-12-29,UNKNOWN,0,0,,
2020-12-30,UNKNOWN,0,0,,
2020-12-31,UNKNOWN,0,0,,
2021-01-01,UNKNOWN,0,0,,
2021-01-02,UNKNOWN,0,0,,
2021-01-03,UNKNOWN,0,0,,
2021-01-04,UNKNOWN,0,0,,
2021-01-05,UNKNOWN,0,0,,
2021-01-06,UNKNOWN,0,0,,
